Flame_retardant_AdditionAmount(wt%),FR_B01[C-P],FR_PW5,EP_wt_fraction,Curing_agent_AdditionAmount(wt%),CURING_nCp,Q_thermal,FR_MATS1i,CURING_Mor27p,FR_Eta_betaP_A,FR_F01[C-P],FR_MATS7i,FR_MATS1m,FR_Eta_D_beta,FR_SpDiam_EA(ri),CURING_TDB05r,FR_MATS2m,FR_MATS8m,FR_SHED_AL,FR_JGI3,FR_MATS4i,CURING_Mor09p,FR_AVS_X,FR_SpMin1_Bh(m),FR_P_VSA_LogP_3,CURING_TDB06e,CURING_MaxaasC,FR_GATS4p,FR_P_VSA_charge_8,FR_ChiA_X,FR_GATS2i,CURING_Mor10u,T_max,EEW,FR_QED,FR_IC3,CURING_Mor13p,FR_SpDiam_AEA(ed),FR_MAXDP,FR_GATS8i,FR_GATS7p,FR_IC1,CURING_SpPosA_B(e),FR_JGI5,FR_P_VSA_charge_2,FR_SpPosA_X,FR_GATS1m,CURING_minaasC,FR_stdMW,CURING_Mor26p,FR_SpMax_B(p),FR_SHED_DP,FR_GATS3m,FR_SpMax3_Bh(m),FR_MaxaasC,FR_CATS2D_07_LL,FR_MATS4p,FR_MATS2p,FR_TPSA_efficiency,CURING_Eta_epsi_2,CURING_RBF,FR_CATS2D_06_AL,FR_MATS3p,FR_Eta_FL_A,FR_nLevel10,FR_MCD,FR_stdP,FR_SpMaxA_EA(dm),FR_CATS2D_08_AA,FR_GATS6m,CURING_SPAM
-6.213746008082959,-0.3550003868312753,0.0,-0.5912732083496945,0.0,0.0,0.0,0.0,0.0,0.36847583393514016,-0.5100366406451375,0.0,0.0,0.0,0.0,0.0,0.0,0.0,0.0,0.0,0.0,0.0,0.0,0.0,0.29722299070970487,0.0,0.4361701526987766,0.0,0.30766900420345333,0.0,0.0,0.0,0.0,0.0,-0.24585311942903545,0.0,0.0,0.0,0.0,0.0,0.0,0.0,0.0,0.0,0.0,0.0,0.0,0.0,0.0,0.0,0.0,0.0,0.0,0.0,0.32209450209241763,0.0,0.0,0.0,0.0,0.0,0.0,0.0,0.0,0.0,0.0,0.0,0.0,0.0,0.0,0.0,0.0
0.0,-0.4230433698020607,0.0,0.0,0.0,-0.2998478776054805,0.0,0.0,0.0,0.0,-0.7346795027413796,0.0,0.0,0.0,0.0,0.0,0.0,0.0,0.0,0.0,0.0,-0.3613697783400438,0.0,0.0,0.0,0.0,-0.7335169505547577,-0.4738277442646514,0.0,0.0,0.0,-0.5993791536429274,0.0,0.0,0.0,0.0,-0.7920365185125215,0.0,0.0,0.0,0.0,0.0,-0.31946178460685437,0.0,0.0,0.0,0.0,0.0,0.0,0.0,0.0,0.0,0.0,0.0,0.0,0.0,0.0,0.0,0.0,0.0,0.0,0.0,0.0,0.0,0.0,0.0,0.0,0.0,0.0,0.0,-0.30024263285547015
-7.11041686911557,0.0,0.0,-0.7788464383998621,0.0,0.0,0.0,0.0,0.0,0.0,0.0,0.0,0.0,0.0,0.0,0.0,0.0,0.0,0.0,0.0,0.0,0.0,0.0,0.0,0.0,0.0,0.3307653455728532,0.0,0.16882472056275333,0.0,0.0,0.0,0.0,0.0,-0.3712349425719569,0.0,0.0,0.0,0.0,0.0,0.0,0.1346796800474972,0.0,0.0,0.0,0.0,0.0,0.0,0.0,0.0,0.0,0.0,0.0,0.0,0.0,0.0,0.0,0.2766076597405524,0.0,0.18686171299818702,0.0,0.0,0.4336784427456856,0.0,0.31037349561090005,0.0,0.0,0.0,0.0,0.0,0.0
0.7952525497335651,0.0,0.0,0.22007887984718325,0.16468194661259838,0.0,0.17631680859244964,0.0,0.0,0.0,0.6349980063486312,0.0,0.0,0.0,0.0,0.0,0.0,0.0,0.0,0.0,0.0,0.0,0.0,0.0,0.0,0.16378112525698246,0.0,0.0,0.0,0.0,0.0,0.0,0.19582218192463682,0.0,0.0,0.0,0.0,0.0,0.0,0.0,0.0,0.0,0.08498677009417444,0.0,0.0,0.0,0.0,0.09109970293607389,0.0,0.0,0.0,0.0,0.0,0.0,0.0,0.0,0.0,0.0,0.0,0.0,0.0,0.0,0.23324135806154195,0.0,0.0,0.0,0.0,0.0,0.0,0.0,0.0
1.063923121106697,0.0,0.0,0.3625247272477273,0.0,0.0,0.0,0.0,0.0,0.5506595436292117,0.9946914900994787,0.0,0.0,0.9369313359650102,0.0,0.0,0.0,0.0,0.0,0.0,0.0,0.0,0.0,0.0,0.0,0.251098972998141,0.0,0.0,0.0,0.2401032718116413,0.0,0.0,0.37491375862667814,0.0,0.0,0.0,0.0,0.0,0.0,0.0,0.0,0.0,0.0,0.0,0.0,0.0,0.0,0.0,0.0,0.0,0.0,0.0,0.0,0.0,0.0,0.0,0.0,0.0,0.0,0.0,0.0,0.0,0.0,0.20254699833361922,0.0,0.0,0.0,0.32170354245096067,0.0,0.0,0.0
0.0,-0.6589852578373758,0.0,0.0,0.0,0.0,0.0,0.0,0.0,0.0,-1.0073181034884904,0.0,0.0,0.0,0.0,0.0,0.0,0.0,0.0,0.0,-0.4195635317770836,0.0,0.0,0.0,0.0,0.0,0.0,-0.34957696818418826,0.0,-0.5124267486954228,0.0,0.0,0.0,0.0,0.0,0.0,0.0,0.0,-0.3978933581186297,0.0,-0.4918817462523253,-0.5268669562018689,0.0,0.0,0.0,0.0,0.0,0.0,0.0,0.0,0.0,0.0,0.0,0.0,0.0,0.0,-0.29128566564976666,-0.4240988895627922,0.0,0.0,0.0,0.0,0.0,0.0,0.0,0.0,0.0,0.0,0.0,0.0,0.0
1.453490946414389,0.0,0.0,0.1392479303935776,0.10110714664885424,0.0,0.18927690918131468,0.0,0.0,0.0,0.5760562961922671,0.0,0.0,0.0,0.0,0.0,0.0,0.0,0.0,0.0,0.0,0.0,0.0,0.0,0.0,0.1685261092365502,0.0,0.0,0.0,0.0,0.0,0.0,0.12984078171038566,0.0,0.0,0.0,0.0,0.0,0.0,0.0,0.0,0.0,0.057285111808404565,0.0,0.0,0.0,0.0,0.0,0.0,0.0,0.0,0.0,0.0,0.0,0.0,0.0,0.0,0.0,0.0,0.0,0.0,0.0,0.14568445069736044,0.0,0.0,0.0,0.0,0.0,0.07156753018137496,0.0,0.0
0.0,0.0,0.0,0.0,0.0,0.0,0.0,0.0,0.15662338152542477,0.23958067608497366,0.0,0.0,0.0,0.0,0.0,0.0,0.0,0.0,0.0,0.0,0.0,0.2538679077055318,0.0,0.0,0.0,0.0,0.5169923181161464,0.0,0.0,0.0,0.0,0.0,0.0,0.0,0.511056512311054,0.0,0.0,0.0,0.0,0.0,0.0,0.0,0.0,0.0,0.0,0.0,0.0,0.0,0.0,0.0,0.0,0.0,0.0,0.0,0.0,0.0,0.0,0.0,0.2927080680473426,0.3496559971435721,0.0,0.19958120743192218,0.33445784590587324,0.0,0.0,0.0,0.0,0.29390375009693465,0.0,0.0,0.0
-2.265104551270944,0.0,0.0,0.0,0.0,0.0,0.16087898795543373,0.0,0.0,0.7676416946889814,0.6374993676554558,0.0,0.0,0.0,0.0,0.0,0.0,0.0,0.0,0.0,0.0,0.0,0.0,0.0,0.16890466692571882,0.0,0.4424118339463538,0.0,0.22100167430303852,0.0,0.0,0.0,0.0,0.0,0.0,0.0,0.0,0.0,0.0,0.0,0.0,0.0,0.0,0.0,0.0,0.0,0.0,0.0,0.0,0.0,0.0,0.0,0.0,0.0,0.0,0.0,0.0,0.0,0.0,0.24041544586965474,0.0,0.0,0.0,0.17402460246680995,0.0,0.0,0.0,0.21812454729702238,0.0,0.0,0.0
-1.109915907214835,0.0,0.0,0.0,0.0,0.0,0.0,0.0,0.0,0.5650929036689954,0.0,0.0,0.0,0.0,0.0,0.0,0.2656800443263521,0.0,0.36510616515331995,0.0,0.0,0.0,0.0,0.0,0.0,0.0,0.4028216896257258,0.0,0.17355521766338167,0.0,0.0,0.0,0.0,0.0,0.0,0.0,0.0,0.0,0.0,0.0,0.0,0.0,0.0,0.0,0.0,0.0,0.0,0.0,0.0,0.0,0.0,0.0,0.0,0.0,0.0,0.3102114023117425,0.0,0.0,0.0,0.3463136102640211,0.0,0.0,0.0,0.0,0.0,-0.8611666925941208,0.0,0.42415055684778624,0.0,0.0,0.0
0.0,0.0,0.0,0.0,0.21464811539152562,0.0,0.1692894880205741,0.0,0.0,0.6108284096637342,0.0,0.0,0.0,0.0,0.0,0.0,0.0,0.0,0.2748614376350931,0.0,0.0,0.0,0.0,0.0,0.0,0.0,0.0,0.0,0.0,0.0,0.0,0.0,0.15034239950004308,0.0,0.20006687328292996,0.0,0.0,0.0,0.0,0.0,0.0,0.0,0.0,0.0,0.0,0.0,0.0,0.0,0.0,0.0,0.1289577127696071,0.0,0.0,0.0,0.0,0.0,0.0,0.0,0.0,0.0,0.0,0.15039375136595154,0.0,0.14775316469146565,0.0,0.0,0.0,0.18868865579785069,0.0,0.0,0.0
2.212660162695129,0.0,0.0,0.4052960346044765,0.0,0.0,0.10857741032204025,0.0,0.0,0.2889887528151164,0.0,0.0,0.0,0.0,0.0,0.0,0.0,0.0,0.0,0.0,0.0,0.0,0.0,0.0,0.0,0.20641053073929727,0.0,0.0,0.3226010100836439,0.11119242591151135,0.0,0.0,0.3446324999676285,0.0,0.0,0.0,0.0,0.0,0.0,0.0,0.0,0.13034119593194277,0.0888068954483802,0.0,0.0,0.0,0.0,0.0,0.0,0.0,0.0,0.0,0.0,0.0,0.0,0.0,0.0,0.0,0.0,0.0,0.0,0.0,0.0,0.0,0.0,0.0,0.0,0.0,0.0,0.0,0.0
-7.248594119851708,0.0,0.0,-0.8562589810190884,0.0,0.0,0.0,0.0,0.0,0.0,0.4055091809345909,0.0,0.0,0.0,0.0,0.0,0.0,0.0,0.0,0.0,0.0,0.23695190894117957,0.0,0.0,0.315069497717595,0.0,0.4028711759349756,0.0,0.0,0.0,0.0,0.0,0.32240046164309233,0.0,0.0,0.0,0.0,0.0,0.0,0.0,0.0,0.0,0.0,0.0,0.0,0.0,0.0,0.0,0.0,0.0,0.0,0.0,0.0,0.0,0.0,0.0,0.0,0.0,0.0,0.25620436306108374,0.0,0.0,0.8836552945643046,0.0,0.0,0.44391500976208464,0.0,0.0,0.0,0.0,0.0
1.5196526123980236,0.0,0.0,0.26477936029538285,0.28197428447746414,0.0,0.0,0.0,0.0,0.3419600857851418,0.40925030319977684,0.0,0.0,0.0,0.0,0.0,0.28255995084200547,0.0,0.0,0.0,0.0,0.0,0.0,0.0,0.0,0.0,0.6192132782404547,0.0,0.0,0.0,0.0,0.0,0.0,0.0,0.0,0.0,0.0,0.0,0.0,0.0,0.0,0.0,0.0,0.0,0.0,0.0,0.0,0.0,0.0,0.0,0.0,0.0,0.0,0.0,0.0,0.0,0.0,0.0,0.4433726382618695,0.3263026349310865,0.0,0.0,0.28200503302741264,0.0,0.0,0.0,0.0,0.0,0.0,0.0,0.0
-1.1005321597694566,0.0,0.0,-0.5966282752706712,-0.4297576396632178,0.0,0.0,0.0,0.0,0.3726072914446612,0.44558231234469325,0.0,0.0,0.0,0.0,0.0,0.0,0.0,-0.6322786006552165,0.0,0.0,0.0,0.0,0.0,0.0,0.0,0.370494333420618,0.0,-0.3094334210314763,0.0,0.0,0.0,0.0,0.0,0.0,0.0,0.0,0.0,0.0,0.0,0.0,0.0,0.0,0.0,0.0,0.0,0.0,0.0,0.0,0.0,0.0,0.0,0.0,0.0,-0.2142914806519596,0.0,0.0,0.0,0.0,0.0,0.0,0.0,0.0,0.0,0.0,-0.12336062048181637,0.0,0.0,0.0,0.0,0.0
1.2659461704852322,0.0,0.0,0.0,0.0,0.0,0.0,0.0,0.0,0.0,0.0,0.0,0.0,0.0,0.0,0.0,0.0,0.0,0.0,0.0,0.0,0.5294365513511687,0.0,0.0,0.0,0.0,0.7540896729668876,0.0,0.0,0.0,0.0,0.0,0.0,0.0,0.0,0.0,0.0,0.0,0.0,0.0,0.0,0.0,0.0,0.0,0.0,0.6681235550536503,0.0,0.0,0.0,0.0,0.0,0.0,0.0,0.0,0.0,0.44251187029956895,0.6643110809600874,0.0,0.0,0.6805452300427867,0.0,0.0,1.4094135507542054,0.0,0.812165373740319,1.4139424090078372,0.0,0.0,0.0,0.0,0.0
0.28997587566904126,0.0,0.0,0.0,0.0,0.0,0.2854264212259973,0.0,0.0,0.278221812144818,0.360713483122565,0.0,0.0,0.0,0.0,0.0,0.19598853704039504,0.0,0.0,0.0,0.0,0.0,0.0,0.0,0.3329351077562026,0.0,0.406866634691618,0.0,0.0,0.0,0.0,0.0,0.0,0.0,0.0,0.0,0.0,0.0,0.0,0.0,0.0,0.0,0.0,0.0,0.0,0.0,0.0,0.0,0.0,0.0,0.0,0.0,0.0,0.0,0.0,0.0,0.0,0.0,0.0,0.25918411185352963,0.0,0.0,0.18936022090453536,0.0,0.0,0.0,0.0,0.1720966159659323,0.0,0.0,0.0
-0.5993875748473914,0.0,0.0,-0.3888313741058929,0.0,-0.28861264532983866,0.0,0.0,0.0,-0.4044865515722117,-0.3902861768950277,0.0,0.0,0.0,0.0,0.0,0.0,0.0,0.0,0.0,0.0,0.0,0.0,0.0,0.0,0.0,-0.4858486862264797,0.0,0.0,0.0,0.0,0.0,-0.5355769201438549,0.0,0.0,0.0,-0.2638133087383201,0.0,0.0,0.0,0.0,0.0,0.0,0.0,0.0,-0.2402519490309654,0.0,0.0,0.0,0.0,0.0,0.0,0.0,0.0,0.0,0.0,0.0,0.0,0.0,0.0,0.0,0.0,0.0,0.0,0.0,0.0,0.0,0.0,0.0,0.0,-0.21633208343362487
-1.8973449811257943,-0.4701576143170101,0.0,0.0,0.0,0.0,0.0,0.0,0.0,0.0,-0.7185077026832581,0.0,0.0,0.0,0.0,0.0,-0.20919906374632108,0.0,0.0,0.0,0.0,0.0,0.0,0.0,0.0,0.0,0.0,0.0,0.0,0.0,0.0,0.0,0.0,-0.22975132986566638,0.0,0.0,0.0,0.0,0.0,0.0,0.0,-0.3173913093309063,0.0,0.0,0.0,0.0,0.0,0.0,0.0,-0.13842983724951097,0.0,0.0,0.0,0.0,0.0,0.0,0.0,0.0,0.0,0.0,0.0,0.0,-0.2777714719884071,0.0,0.0,-0.4271167060989289,-0.2599365141717103,0.0,0.0,0.0,0.0
0.0,-0.5576961919110317,0.0,-0.21436288164031905,-0.07821234644394734,0.0,0.0,0.0,0.0,0.0,-0.7819638320653826,0.0,0.0,0.0,0.0,0.0,0.0,0.0,0.0,-0.12795967731464708,0.0,0.0,0.0,0.0,0.0,0.0,0.0,-0.22534362310607192,0.0,0.0,0.0,0.0,0.0,0.0,0.0,0.0,0.0,0.0,-0.08012906210865367,0.0,0.0,0.0,0.0,0.0,0.0,0.0,0.0,0.0,0.0,-0.2692615481141426,0.0,0.0,0.0,0.0,-0.1458835086821313,0.0,0.0,0.0,0.0,0.0,0.0,0.0,0.0,0.0,0.0,-0.5840432030632572,0.0,0.0,0.0,0.0,0.0
0.0,0.05492850722823128,0.0,0.0,0.34967916820450623,0.0,0.09646158578963447,0.0,0.0,0.5853769518078745,0.0,0.0,0.0,0.0,0.0,0.0,0.0,0.0,0.23563947800083346,0.0,0.0,0.0,0.0,0.0,0.0,0.0,0.0,0.0,0.22388653319427973,0.0,0.0,0.0,0.0,0.06346176258527253,0.2294192368602364,0.0,0.0,0.0,0.0,0.0,0.0,0.0,0.0,0.0,0.0,0.0,0.0,0.0,0.0,0.0,0.0,0.0,0.0,0.0,0.0,0.0,0.0,0.0,0.0,0.0,0.0,0.0,0.07590663437030934,0.0,0.0,0.0,0.0,0.0789169823529877,0.0,0.0,0.0
0.8287881986674595,0.0,0.0,0.0,0.0,0.0,0.0,0.0,0.0,0.0,0.0,0.0,0.0,0.0,0.0,0.0,0.0,0.0,0.0,0.0,0.0,0.8042009623167297,0.0,0.0,0.0,0.0,1.0808103287954407,0.0,0.0,0.0,0.0,0.0,0.0,0.0,0.9848044304910041,0.0,0.0,0.0,0.0,0.0,0.0,0.0,0.0,0.0,0.0,0.0,0.0,0.0,0.0,0.0,0.0,0.0,0.0,0.0,0.0,0.8921119870816141,0.0,0.7370202376891974,0.0,0.9116735631879724,0.0,1.2011390056228664,2.272308174837929,0.0,0.0,0.9135218254832499,0.0,0.0,0.0,0.0,0.0
0.7670812347612075,0.0,0.0,0.0,0.0,0.0,0.0,0.28023729279698956,0.0,0.4443264747086522,0.0,0.0,0.0,0.0,0.0,0.0,0.0,0.0,0.0,0.0,0.0,0.21960534305178311,0.0,0.0,0.0,0.0,0.7634242483385384,0.0,0.47836271365503186,0.0,0.0,0.0,0.0,0.0,0.0,0.0,0.0,0.0,0.0,0.0,0.0,0.0,0.1956211928408269,0.0,0.0,0.0,0.0,0.25602263061153396,0.0,0.0,0.0,0.0,0.0,0.0,0.0,0.0,0.0,0.0,0.0,0.24508671759057862,0.0,0.0,0.5875575210917582,0.0,0.0,0.0,0.0,0.0,0.0,0.0,0.0
-5.308654773489248,0.0,0.0,-0.7243244411999019,0.0,0.0,0.0,0.0,0.0,0.0,0.0,0.0,0.0,0.0,0.0,-0.4632673267908697,0.0,0.0,0.0,0.0,0.0,0.0,0.0,0.0,0.0,-0.2804758578982138,-0.9254522066538116,0.0,0.0,0.0,0.0,0.0,-0.06888097717115656,0.0,0.0,0.0,-0.1860453038866545,0.0,0.0,0.0,0.0,0.0,0.0,0.0,0.0,-0.12512446373420916,0.0,-0.18065843772878645,0.0,0.0,0.0,0.0,0.0,0.0,0.0,0.0,0.0,0.0,0.0,0.0,-0.0385710544025919,0.0,0.0,0.0,0.0,0.0,0.0,0.0,0.0,0.0,0.0
-6.67787332190447,0.0,0.0,-0.7323852620118638,0.0,0.0,0.0,0.0,0.0,0.0,0.0,0.0,0.0,0.0,0.0,0.0,0.0,0.0,0.16129416329047622,0.0,0.0,0.0,0.0,0.0,0.0,0.0,0.21107328602628472,0.0,0.12472487029525202,0.0,0.0,0.0,0.0,0.0,0.0,0.0,0.0,0.0,0.0,0.0,0.0,0.0,0.0,0.0,0.0,0.0,0.0,0.0,0.0,0.0,0.0,0.0,0.0,0.0,0.14392257962163063,0.0,0.0,0.15978358419667132,0.0,0.14696476050758367,0.0,0.260136056970958,0.0,0.0,0.0,0.0,0.0,0.1582954160041808,0.0,0.0,0.0
-1.9239308891101312,-0.621760894304966,0.0,0.0,0.0,0.0,0.0,0.0,0.0,0.0,-0.9105936847476218,0.0,0.0,0.0,0.0,0.0,-0.23418360997078638,0.0,0.0,0.0,0.0,0.0,0.0,0.0,0.3704115319914277,0.0,0.4185779771048431,-0.2216422373702341,0.0,0.0,0.0,0.0,0.0,0.0,-0.40684440070076855,0.0,0.0,0.0,0.0,0.0,0.0,0.0,0.0,0.0,0.0,0.0,0.0,0.0,0.0,0.0,0.0,0.0,0.0,0.0,0.0,0.0,0.0,0.5139509898285048,0.30369840533014747,0.0,0.0,0.0,0.0,0.0,0.0,0.0,0.0,0.0,0.0,0.0,0.0
-7.81970131425864,0.0,0.0,0.0,0.0,0.0,0.0,0.0,0.0,0.0,0.0,0.0,0.0,0.0,0.0,0.0,0.0,0.0,0.27115421447288907,0.0,0.0,0.0,0.0,0.0,0.0,0.0,0.3105492679040475,0.0,0.0,0.0,0.0,0.0,0.0,0.0,0.3923398552984771,0.0,0.0,0.0,0.0,0.0,0.0,0.0,0.0,0.0,0.0,0.0,0.0,0.0,0.0,0.0,0.0,0.0,0.0,0.0,0.0,0.0,0.24869377143601676,0.1695567028667241,0.0,0.16150141250751293,0.0,0.17940643429970174,0.0,0.0,0.0,0.23836944078634917,0.0,0.27061717470999275,0.0,0.0,0.0
1.3507799250943966,0.0,0.0,0.0,0.0,0.0,0.0,0.0,0.0,0.15461392448407577,0.0,0.0,0.0,0.0,0.0,0.0,0.0,0.0,0.18133237221422147,0.0,0.0,0.0,0.128748510512108,0.0,0.0,0.0,0.3251443327006455,0.0,0.0,0.0,0.0,0.0,0.0,0.0,0.0,0.0,0.0,0.0,0.0,0.0,0.0,0.0,0.0,0.0,0.0,0.0,0.0,0.0,0.0,0.0,0.0,0.0,0.0,0.0,-0.4343702794867229,0.0,0.0,0.0,0.0,0.16042664834420947,0.0,0.0,0.6417939127241197,0.0,0.0,-1.0580444861440057,0.0,0.22494982541010233,0.0,0.0,0.0
-1.313138194274298,0.0,0.0,0.0,0.0,0.0,0.14036393388478952,0.0,0.0,0.21139068942113015,0.27959704348652575,0.0,0.0,0.0,0.0,0.0,0.0,0.0,0.0,0.0,0.0,0.0,0.0,0.0,0.10801276688303896,0.0,0.467254351409067,0.0,0.0,0.0,0.0,0.0,0.0,0.0,0.0,0.0,0.0,0.0,0.0,0.0,0.0,0.0,0.0,0.0,0.0,0.0,0.0,0.0,0.0,0.0,0.0,0.0,0.0,0.0,0.0,0.0,0.0,0.0,0.1716547984822944,0.1967771205597445,0.0,0.0,0.6912366422794542,0.0,0.0,0.0,0.0,0.0,0.0,0.12720905422921575,0.0
-1.5352655701828972,0.0,0.0,0.0,0.0,0.0,0.0,0.0,0.0,0.0,0.5919437378868483,0.0,0.0,0.0,0.0,0.0,0.0,0.0,0.0,0.0,0.0,0.0,0.0,0.0,0.2662583714179917,0.26149550002081695,0.0,0.0,0.0,-0.36041794754624024,0.0,0.0,0.3179441637756334,0.0,-0.2912411965188556,-0.27078309485148827,0.0,0.0,0.0,0.0,0.0,0.0,0.0,0.0,0.0,0.0,0.0,0.0,0.0,-0.2953322898008349,0.0,0.0,0.0,0.0,0.0,0.0,0.2125709547674106,0.0,0.0,0.0,0.0,0.0,0.0,0.0,0.0,0.0,0.0,0.0,0.0,0.0,0.0
-1.5498856881833818,0.0,0.0,0.0,0.0,0.0,0.0,0.0,0.0,0.0,0.0,0.0,0.0,0.0,0.0,0.0,0.29025450828041394,0.0,0.4397135887563036,0.0,0.0,0.0,0.0,0.0,0.0,0.0,0.45673254097553806,0.0,0.34555390868870806,0.0,0.0,0.0,0.0,0.0,0.0,0.15024544709700388,0.0,0.0,0.0,0.0,0.0,0.0,0.0,0.0,0.0,0.0,0.0,0.0,0.0,0.0,0.0,0.0,0.0,0.0,0.5919418870814034,0.35821394866898326,0.0,0.0,0.0,0.4057255338254861,0.0,0.3268249945494105,0.0,0.0,0.0,0.0,0.0,0.0,0.0,0.0,0.0
-4.776627878326351,-0.37646835526059685,0.0,-0.3082714032087903,0.0,0.0,0.0,0.0,0.0,-0.6985614593036517,-0.5659336280470834,0.0,0.0,0.0,0.0,0.0,0.0,0.0,0.0,0.0,0.0,0.0,0.0,0.0,0.0,0.0,0.0,0.0,0.0,-0.47620618855426755,0.0,0.0,0.0,0.0,0.0,0.0,0.0,0.0,0.0,0.0,0.0,0.0,0.0,0.0,0.0,-0.3168273504423099,0.0,0.0,0.0,0.0,-0.3927596105996387,0.0,0.0,0.0,0.0,0.0,0.0,0.0,0.0,0.0,0.0,0.0,-0.26841046645419553,0.0,0.0,0.0,-0.8200350481687149,0.0,0.0,0.0,0.0
0.3014673049396061,0.0,0.0,-0.4782849266972622,0.0,0.0,0.0,0.1778237398004474,0.0,0.37397247696222213,0.0,0.0,-0.3274358109529425,0.0,0.0,0.0,0.0,0.0,0.0,0.0,0.0,0.0,0.0,0.0,0.0,0.0,0.4832003473873564,0.0,0.4656261412945581,0.0,0.0,0.0,0.0,0.0,0.0,0.0,0.0,0.0,0.0,0.0,0.0,0.0,0.0,0.0,0.0,0.0,0.0,0.0,0.0,0.0,0.0,0.0,0.0,0.0,0.0,0.0,0.0,-0.5938236944677117,0.0,0.346713940419718,0.0,0.0,0.0,0.0,0.0,-0.5318678498006152,0.0,0.0,0.0,0.0,0.0
-1.8034526546278244,0.0,0.0,0.0,0.0,0.0,0.0,0.0,0.0,0.0,0.0,0.0,0.0,0.0,0.0,0.0,0.0,0.0,0.0,0.0,0.0,0.14881748692678864,0.0,0.0,0.0,0.0,0.5256367863325028,0.0,0.3840822229485335,0.0,0.0,0.0,0.0,0.0,0.0,0.0,0.0,0.0,0.0,0.0,0.0,0.17439826702460737,0.0,0.0,0.0,0.0,0.0,0.0,0.0,0.0,0.0,0.0,0.0,0.0,0.0,0.0,0.0,0.3163682090544987,0.0,0.3351537953878879,0.0,0.0,0.541297907959176,0.0,0.5467063506395415,0.0,0.1396136896957192,0.0,0.0,0.0,0.0
-1.8807048799925452,0.0,0.0,0.0,0.0,0.0,0.0,0.0,0.0,0.29905462178306763,0.8149249763100149,0.0,0.0,0.0,0.0,0.21715511119009503,0.3871184458839356,0.0,0.0,0.0,0.0,0.29200391254675556,0.0,0.0,0.42221036082089236,0.0,0.6008155140483862,0.0,0.0,0.0,0.0,0.0,0.0,0.0,0.0,0.0,0.0,0.0,0.0,0.0,0.0,0.0,0.0,0.0,0.0,0.0,0.0,0.0,0.0,0.0,0.0,0.0,0.0,0.0,0.0,0.0,0.0,0.0,0.0,0.4981890085603362,0.0,0.0,0.46604056758307083,0.0,0.0,0.0,0.0,0.0,0.0,0.0,0.0
0.0,-0.6507440344109073,0.0,-0.5481043951667265,0.0,0.0,0.0,0.0,0.0,-1.1907959761074234,-0.8410210622540251,0.0,0.0,-0.26315364451304646,0.0,0.0,0.0,0.0,0.0,0.0,0.0,0.0,0.0,0.0,-0.329470720156187,0.0,0.0,0.0,-0.5098414112712875,0.0,0.0,0.0,0.0,0.0,0.0,0.0,0.0,0.0,0.0,0.0,0.0,0.0,0.0,-0.3437173506190772,0.0,0.0,0.0,0.0,0.0,0.0,0.0,0.0,0.0,0.0,0.0,0.0,0.0,0.0,0.0,0.0,0.0,0.0,-0.3802331081881237,-0.4849584674170766,0.0,0.0,0.0,0.0,0.0,0.0,0.0
-0.5345037863814759,0.0,0.0,-0.17786291465630458,0.0,0.0,0.0,0.0,0.0,-0.33531028505864263,0.0,0.0,0.0,0.0,0.0,0.0,0.0,0.0,0.0,0.0,0.0,0.0,0.0,0.0,-0.13040008817815127,0.0,0.0,0.0,-0.0884632736879044,0.0,0.0,0.0,0.0,0.0,0.0,0.0,0.0,0.0,0.0,0.0,0.0,0.0,0.0,0.0,0.0,-0.12533085646646056,0.0,0.0,0.0,-0.24580318241330892,0.0,0.0,0.0,0.0,-0.13099767644645482,0.0,0.0,0.0,-0.06510617933424223,-0.20481916319870924,0.0,0.0,0.0,0.0,0.0,0.0,0.0,0.0,0.0,0.0,0.0
1.6230607684635947,0.0,0.0,0.0,0.0,0.0,0.0,0.0,0.0,0.0,0.0,0.0,0.0,0.0,0.0,0.0,0.0,0.0,0.21257740610401374,0.0,0.0,0.0,0.0,0.0,0.0,0.0,0.570740840635863,0.0,-0.5603118738583241,0.0,0.0,0.0,0.0,0.0,0.5389247113496127,0.0,0.0,0.0,0.0,0.0,0.0,0.0,0.0,0.0,0.0,-0.5297206750361259,0.0,0.0,0.0,0.0,0.0,0.0,0.0,0.0,0.0,0.24960612468319734,0.0,0.20983085303543134,0.0,0.30188699019918175,0.0,0.0,0.6676548149349075,0.0,0.0,0.0,0.0,0.0,0.0,0.0,0.0
0.8505523577273537,0.0,0.0,0.3413831138970321,0.4767693020087459,0.0,0.0,0.0,0.0,0.0,0.0,0.0,0.0,0.0,0.0,-0.26153953395500484,0.0,0.0,0.0,0.0,0.0,0.0,0.0,0.0,0.0,0.0,-0.8117203815960522,0.0,0.0,0.0,0.0,-0.4182989764560141,0.0,0.0,0.4676000506952515,0.0,0.0,0.0,0.0,0.0,0.0,0.0,0.0,0.0,0.0,0.0,0.0,0.0,0.0,0.0,0.0,0.0,0.0,0.0,0.0,0.0,0.0,0.0,0.0,-0.33710398240485484,0.0,0.0,0.0,0.0,0.0,-0.274075805683602,0.0,0.0,0.0,0.0,-0.2481794039363458
-7.235864676903013,0.0,0.0,0.0,0.0,0.0,0.0,0.0,0.0,0.0,-0.6251960357910785,0.0,0.0,0.0,0.0,0.0,0.0,0.0,0.1813214349963328,0.0,0.0,0.0,0.0,0.0,0.2135447104891715,0.0,0.31621528167364565,0.0,0.0,0.0,0.0,0.0,0.0,0.0,0.0,0.0,0.0,0.0,0.0,0.0,0.0,0.0,0.0,0.0,0.0,0.0,0.0,0.0,0.0,0.0,0.0,0.0,0.0,0.0,0.0,0.0,0.2633391594674428,0.3662791732781504,0.0,0.0,0.0,0.0,0.0,0.16018651512301496,0.0,0.0,0.0,0.24643009232071836,0.0,0.21529700971439025,0.0
0.31532356832366387,0.0,0.0,0.0,0.0,0.0,0.2264282012766716,0.0,0.0,0.0,0.0,0.0,0.0,0.0,0.0,0.0,0.0,0.0,0.0,0.0,0.0,0.0,0.0,0.0,0.0,0.0,0.3467390876198868,0.0,0.0,0.0,0.0,0.0,0.0,0.2638296105580052,0.0,-0.33660973974468017,0.0,0.0,0.0,0.0,0.0,0.0,-0.27851563145765734,0.0,0.0,0.0,0.0,0.0,0.0,0.554297254383687,0.0,0.0,0.0,0.0,0.0,0.0,0.0,0.0,0.0,0.45010126255411054,0.0,0.0,0.2829873981635512,0.0,0.0,0.0,0.0,0.0,0.0,0.0,-0.48947350722057315
1.5814256437827485,-0.7068851127749491,0.0,0.0,0.0,0.0,0.0,0.0,0.0,0.0,-1.2821537146004924,0.0,0.0,0.0,0.0,0.0,0.0,0.0,0.0,0.0,0.0,0.7342052659166954,0.0,0.0,0.0,0.0,0.0,0.0,0.0,0.0,0.0,0.0,-0.7809229928771637,0.0,-0.5067866849295551,0.0,0.813375585853483,0.0,0.0,0.0,0.0,0.0,0.0,0.0,0.0,0.0,0.0,0.0,0.0,0.0,0.0,0.0,0.0,0.0,-0.8360538767523519,0.0,0.0,0.0,0.0,0.0,0.454133336629726,0.0,0.0,0.0,0.0,0.0,-0.42751395763229516,0.0,0.0,0.0,0.0
-1.2014300000974278,0.0,0.0,0.0,0.0,0.0,0.0,0.0,0.0,0.5931495234194327,0.6298479157823876,0.0,0.0,0.0,0.0,0.0,0.0,0.0,0.0,0.0,0.0,0.08473097156385512,0.0,0.0,0.23926207713922618,0.0,0.5628676903023104,0.0,0.16243312790972897,0.0,0.0,0.0,0.0,0.0,0.0,0.0,0.0,0.0,0.0,0.0,0.0,0.0,0.0,0.0,0.0,0.0,0.0,0.0,0.0,0.0,0.0,0.0,0.0,0.0,0.0,0.0,0.0,0.0,0.14544293810825112,0.2029308834217314,0.0,0.0,0.0,0.0,0.0,0.0,0.0,0.2208002028349038,0.0,0.0,0.0
3.303767128706224,0.0,0.0,0.818982391932673,0.0,-0.6646488134645914,0.0,0.0,0.0,0.0,0.0,0.0,0.0,0.0,0.0,0.0,0.0,0.0,0.0,0.0,0.0,-0.22906847420675205,0.0,0.0,0.0,0.0,0.0,0.0,-0.16150401278752705,0.0,-0.45152171192566376,0.0,0.0,0.0,-0.17975744317943843,0.0,0.0,0.0,0.0,0.0,0.0,0.0,0.0,0.0,0.0,0.0,0.0,-0.3374714803079444,0.0,0.0,0.0,0.0,0.0,0.0,-0.5416099020702961,0.0,0.0,0.0,0.0,0.0,0.0,0.0,0.0,0.0,0.0,0.0,0.0,0.0,0.0,0.0,-0.427821134050565
-2.190600567004636,-0.6285100191810614,0.0,-0.7242936922564084,0.0,0.0,0.0,0.0,0.0,-1.151338938599971,-0.7819999708089544,0.0,0.0,0.0,0.0,0.0,0.0,0.0,0.0,0.0,0.0,0.0,0.0,0.0,0.0,0.0,0.0,0.0,-0.500275756723701,0.0,0.0,0.0,0.0,0.0,0.0,0.0,0.0,0.0,0.0,0.0,0.0,0.0,0.0,-0.41895951025288003,0.0,0.0,0.0,0.0,0.0,-0.37762622797983947,0.0,0.0,0.0,0.0,0.0,0.0,0.0,0.0,0.0,0.0,0.0,0.0,-0.4332429127123716,-0.5074986353750746,0.0,0.0,0.0,0.0,0.0,0.0,0.0
-6.026086893962006,-0.41672748468183124,0.0,-0.35615545824701406,0.0,0.0,0.0,0.0,0.0,-0.32967923444581587,-0.4835827158981765,0.0,0.0,0.0,0.0,0.0,0.0,0.0,0.0,0.0,0.0,0.0,0.0,0.0,-0.250241568341609,0.0,0.4259115770972297,0.0,0.0,0.0,0.0,0.0,0.0,0.0,0.0,0.0,0.0,0.0,0.0,0.0,0.0,0.0,0.0,0.0,0.0,-0.15634186463190516,0.0,0.0,0.0,0.0,0.0,0.0,0.0,0.0,-0.13079599095460553,0.0,0.0,0.0,0.0,0.0,0.0,0.44694304855657974,0.0,0.0,0.0,0.0,0.0,0.0,0.0,0.0,0.0
0.0,0.0,0.0,0.0,0.0,0.0,0.0,0.0,0.0,0.5615174164341934,0.0,0.0,0.0,0.0,0.0,0.0,0.0,0.0,0.0,0.0,0.0,0.0,0.126783838650524,0.0,0.0,0.0,0.5419032115950597,0.0,0.32771868946558635,0.0,0.0,0.0,0.0,0.0,0.0,0.0,0.0,0.0,0.0,0.0,0.0,0.0,0.0,0.0,0.0,0.0,0.0,0.0,0.0,0.0,0.0,0.0,0.0,0.0,0.0,0.0,0.0,-0.5241578240442298,0.14373073065677183,0.2797931289055776,0.0,0.0,0.2663929041867215,0.0,0.0,-0.7466034092790562,0.17839090894997012,0.0,0.0,0.0,0.0
-2.7434101059803786,-0.3935087621734843,0.0,-0.14754317725034446,0.0,0.0,0.0,0.0,0.0,0.0,-0.6673681557951842,0.0,0.0,0.0,0.0,0.0,-0.0891155680182855,0.0,0.0,0.0,0.0,0.0,0.0,0.0,0.0,0.0,0.0,0.0,0.0,0.0,0.0,0.0,0.0,-0.12088652482995638,0.0,0.0,0.0,0.0,-0.06881233972020873,0.0,0.0,-0.3168705690080285,0.0,0.0,0.0,0.0,0.0,0.0,0.0,-0.10950713667015652,0.0,0.0,0.0,0.0,0.0,0.0,0.0,0.0,0.0,0.0,0.0,0.0,0.0,0.0,0.0,-0.23089070968617417,0.0,0.0,0.0,0.0,0.0
-3.636204501009229,0.0,0.0,-0.20660685541837434,-0.5324905225165173,0.0,-0.16756985066330715,0.0,0.0,0.5043506897472188,0.0,0.0,0.0,0.0,0.0,0.0,0.0,0.0,0.0,0.0,0.0,0.0,0.0,0.0,0.0,-0.06791753694473357,0.0,0.0,0.0,0.0,0.0,0.0,0.0,0.0,0.0,0.0,-0.1713458675513012,0.0,0.0,0.0,0.0,0.0,0.0,0.0,0.0,0.0,0.0,0.0,0.0,0.5873641640528836,0.0,0.0,0.0,0.0,0.0,0.0,0.0,-0.22294218658269857,0.0,0.0,0.0,0.0,0.0,0.0,0.0,-0.33631167538579093,0.0,0.0,0.0,0.0,0.0
-3.768235057997186,0.0,0.0,0.0,0.0,0.0,0.0,0.0,0.0,0.0,0.0,0.0,0.0,0.0,0.0,0.0,0.0,0.0,0.35382335008370736,0.0,0.0,0.1266610128184445,0.0,0.0,0.0,0.0,0.3376115181032261,0.0,0.0,0.21482551491089244,0.0,0.0,0.0,0.0,0.0,0.0,0.0,0.0,0.0,0.4277179986043167,0.0,0.0,0.0,0.0,0.0,0.0,0.0,0.0,0.0,0.0,0.0,0.0,0.0,0.0,0.0,0.19524262307745668,0.0,0.0,0.0,0.25295870076488725,0.0,0.38104291688844905,0.0,0.0,0.0,0.08937788777376032,0.0,0.0,0.0,0.0,0.0
-7.456818405345568,0.0,0.0,-0.5908003304788118,0.0,0.0,0.0,0.0,0.0,0.35220287644100867,0.46114628763662685,0.0,0.0,0.0,0.0,0.0,0.0,0.0,0.0,0.0,0.0,0.0,0.0,0.0,0.0,0.0,0.0,0.0,0.0,0.0,0.0,0.0,0.0,0.0,0.0,0.2320401973542538,0.0,0.0,0.0,0.0,0.0,-0.3490128888556582,0.0,0.0,0.0,-0.3464234110527998,0.0,0.0,0.0,-0.26696115146930466,0.0,0.0,0.0,0.0,0.0,0.0,0.0,0.0,0.26547946568758163,-0.18362919918136633,0.0,0.0,0.0,0.0,0.0,0.0,0.0,0.0,0.0,0.0,0.0
1.5703824477478128,0.0,0.0,0.18106493355669362,0.0,0.0,0.1662443141300029,0.0,0.0,0.2949781369647922,0.0,0.0,0.0,0.0,0.0,0.0,0.0,0.0,0.0,0.0,0.0,0.0,0.0,0.0,0.0,0.16134613918787924,0.0,0.0,0.2955298132342615,0.0,0.0,0.0,0.3881723821538828,0.0,0.0,0.0,0.0,0.0,0.0,0.0,0.0,0.0,0.10443085482105066,0.0,0.0,0.0,0.0,0.0,0.0,0.0,0.0,0.0,0.0,0.0,0.0,0.0,0.0,-0.4772607002099285,0.0,0.0,0.0,0.0,0.0,0.0,0.0,-0.8806302739168909,0.0,0.0,0.0,0.0,0.0
0.18586470895117763,0.0,0.0,0.0,0.0,0.0,0.1461803272025174,0.0,0.0,0.26437515161193015,0.0,0.0,0.0,0.0,0.0,0.0,0.24267962930099726,0.0,0.0,0.0,0.0,0.0,0.14938797046788707,0.0,0.0,0.0,0.47121914438140555,0.0,0.2111375122509545,0.0,0.0,0.0,0.0,0.0,0.0,0.0,0.0,0.0,0.0,0.0,0.0,0.0,0.0,0.0,0.0,0.0,0.0,0.0,0.0,0.0,0.0,0.0,0.0,0.0,0.0,0.0,0.0,-0.7482366515405964,0.0,0.2643702119455213,0.0,0.0,0.0,0.0,0.0,-0.5118970504080976,0.0,0.0,0.0,0.0,0.0
-2.5453513255375784,0.0,0.0,0.0,0.0,0.0,0.0,0.0,0.0,0.0,0.0,0.0,0.0,0.0,0.0,0.0,0.0,0.0,0.0,0.0,0.0,0.23287190066350272,0.0,0.0,0.0,0.0,0.4712352865134859,0.0,0.0,0.0,0.0,0.0,0.0,0.0,0.4991907936915283,0.0,0.0,0.0,0.0,0.0,0.0,0.0,0.0,0.0,0.0,0.0,0.0,0.0,0.0,0.0,0.0,0.0,0.0,0.0,0.0,0.3257794683442771,0.3365258583697911,0.30854638185138356,0.0,0.0,0.0,0.2738068947667153,0.0,0.0,0.0,0.40372947962310896,0.0,0.44779246526713073,0.0,0.0,0.0
-6.396937054839782,0.0,-0.02723247149745087,0.0,-0.31390168798938367,0.0,0.0,0.0,0.0,0.0,0.0,0.0,0.0,0.0,0.0,0.0,0.0,0.0,0.0,0.0,0.0,0.0,0.0,0.0,-0.01593789156703096,0.0,0.0,0.0,0.0,0.0,0.0,0.0,-0.08538336174187604,-0.30421804254839185,0.0,0.0,0.0,0.0,0.0,0.0,0.0,-0.1452679045495738,0.0,0.0,0.0,0.0,0.0,0.0,0.0,-0.173894045309435,0.0,0.0,0.0,0.0,0.0,0.0,0.0,0.0,0.0,-0.06739074271739114,0.0,0.0,0.0,0.0,0.0,-0.30438795367169075,0.0,0.0,0.0,0.0,0.0
0.0,0.0,0.0,0.0,0.0,0.0,-0.1388290912542191,0.0,0.0,0.0,-0.4539835101154862,0.0,0.0,0.0,0.0,-0.25829789078873217,0.0,0.0,0.0,0.0,0.0,-0.11015270170357595,0.0,0.0,0.0,-0.1973675099401205,-0.20190466150004935,0.0,0.0,0.0,0.0,-0.10950933297326992,-0.7221816604343203,0.0,0.0,0.0,-0.1868017112615816,0.0,0.0,0.0,0.0,0.0,-0.5253244170270572,0.0,0.0,0.0,0.0,0.0,0.0,0.0,0.0,0.0,0.0,0.0,0.0,0.0,0.0,0.0,0.0,0.0,0.0,0.0,0.0,0.0,0.0,0.0,0.0,0.0,0.0,0.0,0.0
1.7097025455633001,0.0,0.0,0.0,0.0,0.0,0.0,0.0,0.0,0.6233091287023675,0.5407537259618874,0.0,0.0,0.0,0.0,0.19918934590048032,0.0,0.0,0.0,0.0,0.0,0.0,0.0,0.0,0.0,0.0,0.49058893413863186,0.0,0.28916045822847114,0.0,0.0,0.0,0.0,0.0,0.0,0.0,0.0,0.0,0.0,0.0,0.0,0.0,0.0,0.0,0.0,0.0,0.0,0.0,0.0,0.0,0.0,0.0,0.0,0.0,0.0,0.0,0.0,0.0,0.21827358779625805,0.4708150954217775,0.0,0.0,0.2711549097597633,0.0,0.0,0.0,0.23032398807161888,0.0,0.0,0.0,0.0
-0.6795300682315141,0.0,0.0,-0.4769878006472168,0.0,0.0,0.0,0.0,0.0,0.0,-0.6877693318398932,0.0,-0.46204555562734745,0.0,0.0,-0.4627854912307806,0.0,0.0,0.0,0.0,0.0,0.0,0.0,0.0,0.0,-0.5102118470134233,-0.6033556594556482,0.0,0.0,0.0,0.0,0.0,-1.1327164723045111,0.0,0.0,0.0,0.0,0.0,0.0,0.0,0.0,0.0,-0.6531566709107005,0.0,0.0,0.0,0.0,0.0,0.0,0.0,0.0,0.0,0.0,0.0,0.0,0.0,0.0,0.0,-0.33362531581159693,0.0,0.0,0.0,0.0,0.0,0.0,0.0,0.0,0.0,0.0,0.0,0.0
-5.048025445831565,0.0,0.0,-0.5337509187421837,0.0,0.0,0.0,0.0,0.0,0.0,-0.37115301048873867,0.0,0.0,0.0,0.0,-0.46786775778032186,0.0,0.0,0.0,0.0,0.0,0.0,0.0,0.0,-0.293365954097721,-0.3397316480984057,-0.7103301204312716,0.0,0.0,0.0,0.0,0.0,0.0,0.0,-0.25279574842119823,0.0,-0.5294481955993275,0.0,0.0,0.0,0.0,0.0,0.0,0.0,0.0,0.0,0.0,-0.2494814353104129,0.0,0.0,0.0,0.0,0.0,0.0,0.0,0.0,0.0,0.0,0.0,0.0,0.0,0.0,0.0,0.0,0.0,0.0,0.0,0.0,0.0,0.0,0.0
0.0,0.0,0.0,0.0,0.0,0.0,0.0,0.0,0.0,0.0,0.0,0.0,0.0,0.0,0.06984497851179668,0.0,0.0,0.0,0.20253074472162597,0.0,0.0,0.0,0.0,0.0,0.0,0.14001312988947817,0.0,0.0,0.0,0.0,0.0,0.0,0.0,0.0,0.10318869281994038,0.0,0.0,0.0,0.0,0.0,0.0,0.1686203758657528,0.0,0.0,0.0,0.0,0.0,0.0,0.0,0.0,0.10539697521942953,0.0,0.0,0.0,0.0,0.18695871651743476,0.0,0.09095163481543644,0.0,0.0,0.0,0.22126297647071536,0.0,0.0,0.0,0.0,0.0,0.2903311314316959,0.0,0.0,0.0
-7.237563020878245,0.0,0.0,-0.339398455486856,-0.14492226996096266,0.0,0.0,0.0,0.0,0.0,0.0,-0.04638457415994057,0.0,0.0,0.0,0.0,0.0,0.0,0.0,0.0,0.0,-0.023759075378572803,0.0,0.0,-0.06304773082758938,0.0,0.0,0.0,0.0,0.0,0.0,0.0,0.0,0.0,0.0,0.0,0.0,0.0,0.0,0.0,0.0,-0.048252155304084415,0.0,0.0,0.0,0.0,0.0,0.0,0.0,-0.26574647068342566,0.0,0.0,0.0,0.0,0.0,0.0,0.0,0.0,0.0,-0.1444503098524263,0.0,0.0,0.0,0.0,0.0,-0.2512478885776375,0.0,0.0,0.0,0.0,0.0
-1.3605180573106173,0.0,-0.318991845147926,-0.5364903378357557,-0.38444185562868716,0.0,0.0,0.0,0.0,0.0,0.0,0.0,0.0,0.0,0.0,0.0,-0.5441686171193358,0.0,0.0,0.0,0.0,0.0,0.0,0.0,0.0,0.0,0.0,0.0,0.0,0.0,0.0,0.0,-0.4210967120482961,0.0,0.0,0.0,0.0,0.0,0.0,0.0,0.0,0.0,0.0,0.0,0.0,0.0,0.0,0.0,0.0,0.0,0.0,0.0,0.0,0.0,-0.2522360306347533,0.0,0.0,0.0,0.0,0.0,0.0,-0.30909731115751343,-0.5723768500577728,0.0,0.0,0.0,0.0,-0.39483240728919944,0.0,0.0,0.0
0.6744398519128391,0.0,-0.2645204219653922,0.0,0.0,0.0,-0.1940547193114808,0.0,0.0,0.6266038242400273,0.0,0.0,0.0,0.0,0.0,0.0,0.0,0.0,0.0,0.0,0.0,0.0,0.0,0.0,0.0,0.0,0.0,0.0,0.47179819746389245,0.0,0.0,0.0,0.0,-0.14655617011962227,0.0,0.0,0.0,0.0,0.0,0.0,0.0,0.0,0.0,0.0,0.0,0.0,0.0,0.0,0.0,-0.3825649407481139,0.0,0.0,0.0,0.0,-0.20300364531894372,0.0,0.0,0.0,0.0,-0.19309035424834037,0.0,0.0,0.0,0.0,0.0,-0.5968880719159734,0.0,0.0,0.0,0.0,0.0
0.41426099329907007,0.0,0.0,0.0,0.0,0.0,0.1864750328707646,0.0,0.0,0.7225169737815424,0.0,0.0,0.0,0.0,0.0,0.0,0.0,0.0,0.16821498613625913,0.0,0.0,0.0,0.0,0.0,0.0,0.0,0.0,0.0,0.24643115027731805,0.0,0.0,0.0,0.08207534286245943,0.0,0.23850541953511664,0.0,0.0,0.0,0.0,0.0,0.0,0.0,0.0,0.0,0.0,0.0,0.0,0.0,0.0,0.0,0.0,0.0,0.0,0.0,0.0,0.0,0.0,0.0,0.0,0.0,0.0,0.14521551919772496,0.0,0.14218734391259852,0.0,0.0,0.0,0.16384250991779592,0.0,0.0,0.0
0.5699749746663036,0.0,0.0,0.0,0.0,0.0,0.0,0.0,0.0,0.0,0.0,0.0,0.0,0.0,0.0,0.0,0.0,0.0,0.6258980712889187,0.0,0.0,0.0,0.0,0.0,0.0,0.0,0.6278779517884053,0.0,0.0,0.0,0.0,0.0,0.0,0.0,0.6175609724454356,0.0,0.0,0.0,0.0,0.0,0.0,0.0,0.0,0.0,0.0,0.0,0.0,0.0,0.0,0.0,0.0,0.0,0.0,0.0,0.0,0.45590503276560257,0.6338549211303429,0.6719902935779231,0.0,0.0,0.0,0.4603954587249861,0.0,0.0,0.0,0.6020503827985779,0.0,0.6505892829166542,0.0,0.0,0.0
0.5554301561141042,0.0,0.0,0.0,0.0,0.0,0.0,0.0,0.0,0.0,0.0,0.0,0.0,0.0,0.0,0.0,0.0,0.0,0.0,0.0,0.0,0.44302820742936194,0.0,0.0,0.0,0.0,0.7482232795256109,0.0,0.0,0.0,0.0,0.0,0.0,0.0,0.0,0.0,0.0,0.0,0.0,0.0,0.0,0.0,0.0,0.0,0.0,0.6105540447071328,0.0,0.0,0.0,0.0,0.0,0.0,0.0,0.0,0.0,0.38819228845158626,0.473697071359483,0.0,0.0,0.596697129997465,0.0,0.0,1.360310240529535,0.0,0.9313181373688203,1.4227138642567696,0.0,0.0,0.0,0.0,0.0
-0.7436855324226594,-0.5158943423549682,0.0,0.0,0.0,0.0,0.0,0.0,0.0,0.0,-0.7286673427597206,0.0,0.0,0.0,0.0,0.0,0.0,0.0,0.0,0.0,0.0,0.0,0.0,0.0,0.6594651407781327,0.0,0.0,-0.32742168510487857,0.0,0.0,0.0,0.0,0.0,0.0,-0.07040817365301819,0.0,0.0,0.0,0.0,0.0,0.0,0.0,0.0,0.0,0.0,0.0,-0.10058933261027568,0.0,0.0,0.0,-0.2086235686834722,0.0,0.0,0.0,0.0,0.0,0.0,0.0,0.0,0.0,0.0,0.0,-0.08996511372581023,0.0,0.0,0.0,-0.20238493941584348,0.0,0.0,0.0,0.0
2.6341940019795578,-0.5154342466620907,0.0,0.0,0.0,-0.3314405847936538,0.0,0.0,0.0,-0.4583328353484443,-0.8354105898932105,0.0,0.0,0.0,0.0,0.0,0.0,0.0,0.0,0.0,0.0,0.0,0.0,0.0,0.0,0.0,0.0,-0.4009092831092675,0.0,0.0,0.0,0.0,0.0,0.0,0.0,0.0,0.0,0.0,0.0,0.0,0.0,0.0,0.0,0.0,0.0,-0.2792511548578346,0.0,0.0,0.0,0.0,0.0,0.0,0.0,0.0,-0.32965477849328,0.0,0.0,0.0,0.0,-0.3293037383354901,0.0,0.0,-0.4809703797796206,0.0,0.0,0.0,0.0,0.0,0.0,0.0,0.0
-8.15630288566584,0.0,0.0,0.0,0.0,0.0,0.0,0.0,0.0,0.0,0.47064475429194935,0.0,0.0,0.0,0.0,0.0,0.34094576452630354,0.0,0.0,0.0,0.0,0.0,0.0,0.0,0.3764050251190685,0.0,0.4306256253033694,0.0,0.0,0.0,0.0,0.0,0.0,0.0,0.0,0.0,0.0,0.0,0.0,0.10072533855580396,0.0,0.2247611386932027,0.0,0.0,0.0,0.0,0.0,0.0,0.0,0.0,0.0,0.0,0.0,0.0,0.0,0.2901578036671441,0.0,0.0,0.0,0.393464351289232,0.0,0.0,0.2946898812789716,0.0,0.0,0.0,0.0,0.0,0.0,0.0,0.0
0.0,0.0,0.0,0.0,0.0,0.0,0.0,0.0,0.0,0.43179866724507876,0.8075440186664613,0.0,0.0,0.0,-0.38149944110540196,0.0,0.0,0.0,0.0,0.0,0.0,0.0,0.0,0.0,0.0,0.0,0.7059766985296498,0.0,-0.33501225768502646,-0.26264020982229724,0.0,0.0,0.0,0.0,-0.25926011787399467,-0.16837621054653407,0.0,0.0,0.0,0.0,0.0,0.0,0.0,0.0,0.0,0.0,0.0,0.0,0.0,0.0,0.0,0.0,0.0,0.0,-0.25443550320001623,0.0,0.0,0.0,0.0,0.0,0.0,0.0,0.0,0.0,0.0,-0.2992669941213707,0.0,0.0,0.0,0.0,0.0
1.7160905804087392,0.0,0.0,0.0,0.0,0.0,0.0,-0.1414975209752194,0.0,0.0,-0.20913710488135212,0.0,0.0,0.0,0.0,0.0,0.0,0.0,0.0,0.0,0.0,0.0,0.0,0.0,0.0,0.0,0.0,-0.35504111346094885,-0.38709467232419625,0.0,0.0,0.0,0.0,0.0,-0.3375340164628471,0.0,0.0,0.0,-0.7105413835456345,0.0,0.0,0.0,0.0,0.0,0.0,-0.26638673391260626,0.0,0.0,0.0,0.0,0.0,0.0,0.0,0.0,-0.8826912352525595,0.0,0.0,0.0,0.0,0.0,0.0,-0.2184625544140534,0.0,0.0,0.0,0.0,0.0,0.0,0.0,0.0,0.0
-1.244800948986667,0.0,0.0,0.0,0.0,0.0,-0.15346432882094138,0.0,0.0,0.0,0.0,0.0,0.0,0.0,0.0,0.0,0.0,0.0,0.0,0.0,0.0,0.0,0.0,0.0,-0.1974566953689027,0.0,0.5363596682847769,-0.19515591911640923,0.0,0.0,0.0,0.0,0.0,0.0,0.0,-0.2200373600164898,0.0,0.0,0.0,0.0,0.0,0.0,0.0,0.0,0.0,-0.21165180313301346,0.0,0.0,0.0,0.0,0.0,0.0,0.0,0.0,0.0,0.0,0.0,0.0,0.0,0.0,0.0,0.0,0.6983154215971272,0.0,0.0,-0.15234015952237612,0.0,0.0,0.0,-0.1518004156264546,0.0
0.9472841896203604,0.0,0.0,0.0,0.0,0.0,0.0,0.0,0.0,0.40454344792144054,0.4754126279787973,0.0,0.0,0.0,0.0,0.18909690960940104,0.0,0.0,0.0,0.0,0.0,0.0,0.0,0.0,0.0,0.0,0.6485253383856573,0.0,0.32134806626015905,0.0,0.0,0.0,0.0,0.0,0.0,0.0,0.0,0.0,0.0,0.0,0.0,0.0,0.0,0.0,0.0,0.2208310134544419,0.0,0.0,0.0,0.0,0.0,0.0,0.0,0.0,0.0,0.0,0.0,0.0,0.16700810646828756,0.35033331166327963,0.0,0.0,0.19075684172765336,0.0,0.0,0.0,0.0,0.0,0.0,0.0,0.0
0.0,0.0,0.0,0.0,0.0,0.0,0.20490514707118296,0.0,0.16158917768725717,0.22275578722090097,0.0,0.0,0.0,0.0,0.0,0.0,0.0,0.0,0.0,0.0,0.0,0.1176300602203213,0.0,0.0,0.29368521790349816,0.0,0.42220251427303696,0.0,0.0,0.0,0.0,0.0,0.18034799583681418,0.0,0.0,0.0,0.0,0.0,0.0,0.0,0.0,0.0,0.0,0.0,0.0,0.0,0.0,0.21808451947383858,0.0,0.0,0.0,0.0,0.0,0.0,0.0,0.0,0.0,0.0,0.0,0.40156335786334857,0.0,0.0,0.2679871900412323,0.0,0.0,0.0,0.0,0.0,0.0,0.0,0.0
-7.588680604388597,0.0,0.0,-0.9738383143162537,0.0,0.0,0.0,0.0,0.0,0.7002061566977218,0.0,0.0,0.0,0.0,0.0,0.0,0.0,0.0,0.0,0.0,0.0,0.0,0.0,0.0,0.0,0.0,0.4289511667385694,0.0,0.2148323420391836,0.0,0.0,0.0,0.0,0.0,0.31014521731213596,0.0,0.0,0.0,0.0,0.0,0.0,0.0,0.0,0.0,0.0,0.0,0.0,0.0,0.0,0.0,0.0,0.0,0.0,0.0,0.0,0.0,0.0,0.0,0.2058098899079024,0.25556590017546715,0.0,0.1862777898557026,0.0,0.2657979824074899,0.0,0.0,0.0,0.0,0.0,0.0,0.0
-2.8334885769997973,0.0,0.0,0.0,0.0,0.0,0.0,0.0,0.0,0.0,0.0,0.0,0.0,0.0,0.0,0.0,0.0,0.0,0.35333576632237035,0.0,0.0,0.17698502762630067,0.0,0.0,0.0,0.0,0.42697168837888966,0.0,0.0,0.0,0.0,0.0,0.0,0.0,0.0,0.0,0.0,0.0,0.0,0.3757566761181772,0.0,0.0,0.0,0.0,0.0,0.0,0.0,0.15101922480616792,0.0,0.0,0.0,0.0,0.0,0.0,0.0,0.30478025121382707,0.0,0.0,0.0,0.3304620942400627,0.0,0.3574782877806879,0.0,0.0,0.0,0.19883755203052597,0.0,0.0,0.0,0.0,0.0
-4.757807518618533,-0.43078705681041546,0.0,-0.33757950353283106,0.0,0.0,0.0,0.0,0.0,0.0,-0.5050274809501398,0.0,0.0,0.0,0.0,0.0,0.0,0.0,0.0,0.0,0.0,0.0,0.0,0.0,0.0,0.0,0.0,0.0,0.0,0.0,0.0,0.0,-0.3057568116629403,0.0,0.0,0.0,0.0,0.0,0.0,0.0,0.0,0.0,0.0,0.0,0.0,-0.42055980658155084,0.0,0.0,0.0,0.0,0.0,0.0,0.0,0.0,0.0,0.0,0.0,-0.2948640077874523,0.0,0.0,0.0,0.0,-0.29136094079569935,0.0,0.0,0.0,-0.5801691044881638,-0.3025933472013511,0.0,0.0,0.0
-0.738226359793457,0.0,0.0,0.0,0.0,0.0,0.0,0.0,0.0,0.0,0.4604683469494728,0.0,0.0,0.0,0.0,0.0,0.0,0.0,-0.34250092111246644,0.0,0.0,0.0,0.0,0.0,0.0,0.0,0.5179003134478957,0.0,-0.25854446104631085,-0.26764146066375855,0.0,0.0,0.0,0.0,-0.304676316763425,-0.27997200389677485,0.0,0.0,0.0,0.0,0.0,0.0,0.0,0.0,0.0,-0.4665581044083214,0.0,0.0,0.0,0.0,0.0,0.0,0.0,0.0,0.0,0.0,0.0,0.0,0.0,0.0,0.0,0.0,0.6338388794586552,0.0,0.0,0.0,0.0,0.0,0.0,0.0,0.0
-7.587998324002815,0.0,0.0,-0.250665529075422,-0.34828365462378913,0.0,0.0,0.0,0.0,0.0,0.4934524718602127,0.0,0.0,0.0,0.0,0.0,0.0,0.0,0.0,0.0,0.0,0.0,0.0,0.0,0.0,0.0,0.0,0.0,0.0,-0.11948724578336564,0.0,0.0,0.0,0.0,-0.2753215617880515,-0.18836443928955263,0.0,0.0,0.0,0.0,0.0,0.0,0.0,0.0,0.0,0.0,0.0,0.0,0.0,-0.2072051985135271,0.0,0.0,0.0,0.0,0.0,0.0,0.0,0.0,0.0,-0.10331886538884809,0.0,-0.05163432252215941,0.0,0.0,0.0,0.0,0.0,0.0,0.0,0.0,0.0
1.8177533061508842,0.0,0.0,0.3279299805328153,0.0,0.0,0.0,0.0,0.0,0.411929499106394,0.0,0.0,0.0,0.0,0.0,0.2520448196959929,0.0,0.0,0.0,0.0,0.0,0.0,0.0,0.0,0.0,0.0,0.0,0.0,0.23872866053521413,0.0,0.0,0.0,0.37181643080684457,0.0,0.0,0.0,0.0,0.0,0.0,0.0,0.0,0.0,0.0,0.0,0.0,0.0,0.0,0.0,0.0,0.0,0.0,0.0,0.0,0.0,0.0,0.0,0.4173423942384679,0.0,0.0,0.0,0.0,0.0,0.0,0.3903028263093544,0.0,0.0,0.0,0.29734242238372643,0.0,0.2636029251950188,0.0
1.3950772111927312,0.0,0.0,0.0,0.0,0.0,0.07218957361136731,0.0,0.0,0.21056745640090926,0.0,0.0,0.0,0.0,0.0,0.03333875594364555,0.19398855741358273,0.0,0.0,0.0,0.0,0.0,0.05701900732813148,0.0,0.0,0.0,0.3994792291920389,0.0,0.14183091224068725,0.0,0.0,0.0,0.07971255869860559,0.0,0.0,0.0,0.0,0.0,0.0,0.0,0.0,0.0,0.0,0.0,0.0,0.0,0.0,0.0,0.0,0.0,0.0,0.0,0.0,0.0,0.0,0.0,0.0,0.0,0.0,0.21210550586270135,0.0,0.0,0.0,0.0,0.0,0.0,0.0,0.0,0.0,0.0,0.0
-3.2249479521878155,0.0,0.0,0.0,0.0,0.0,0.12706448431549963,0.0,0.0,0.22371980313956447,0.2590168645460299,0.0,0.0,0.0,0.0,0.0,0.0,0.0,0.0,0.0,0.0,0.0,0.0,0.0,0.12839232395166725,0.0,0.4662763931658755,0.0,0.0,0.0,0.0,0.0,0.0,0.0,0.0,0.0,0.0,0.0,0.0,0.0,0.0,0.0,0.0,0.0,0.0,0.0,0.0,0.0,0.0,0.0,0.0,0.0,0.0,0.0,0.0,0.0,0.0,0.0,0.1334010653194763,0.21122711014445517,0.0,0.0,0.6485040731183701,0.0,0.0,0.0,0.0,0.0,0.0,0.10997378572088667,0.0
1.7272769101494385,0.0,0.0,0.0,0.0,0.0,0.0,0.0,0.0,0.0,0.4532049729955722,0.0,0.0,0.0,0.0,0.0,0.3843086140912509,0.0,0.0,0.0,0.0,0.0,0.0,0.0,0.0,0.0,0.45736256410974035,0.0,0.0,0.0,-0.4563649206802607,0.0,-0.35347188937087815,0.0,-0.49064208687379396,0.0,0.0,0.0,0.0,0.0,0.0,0.0,0.0,0.0,0.0,0.0,0.0,0.0,0.0,0.0,0.0,0.0,0.0,0.0,0.0,0.0,0.0,-0.6684602236210072,0.0,0.41744047910722143,0.0,0.0,0.3867728782505542,0.0,0.0,0.0,0.0,0.0,0.0,0.0,0.0
0.0,0.0,0.0,-0.3822031151734876,0.0,0.0,-0.3065511176376538,0.0,0.0,-0.8203991269331778,0.0,0.0,0.0,0.0,0.0,-0.24227668245320366,0.0,0.0,0.0,0.0,0.0,0.0,0.0,0.0,-0.28721352762263735,-0.5352391124474613,-0.6463996378509096,0.0,0.0,0.0,0.0,0.0,0.0,0.0,0.0,0.0,0.0,0.0,0.0,0.0,0.0,0.0,0.0,0.0,0.0,0.0,0.0,0.0,0.0,0.0,0.0,0.0,0.0,0.0,0.0,0.0,0.0,-0.3657708674867629,0.0,-0.3955966477919979,0.0,0.0,0.0,-0.27011285362748777,0.0,0.0,0.0,0.0,0.0,0.0,0.0
1.5386690019691818,0.0,0.0,0.0,1.2174577368023396,-0.3433847619434786,0.0,0.0,0.0,0.0,0.0,0.0,0.0,0.0,0.0,0.0,0.0,0.0,0.0,0.0,0.0,0.0,0.0,0.0,0.0,0.0,-0.9931264633705021,0.0,0.0,0.0,0.0,-0.3076604359316622,0.0,0.0,0.6983072795569977,0.0,0.0,0.0,0.0,0.0,0.0,0.0,0.0,0.0,0.0,-0.38418024651965293,0.0,-0.34324920726618663,0.0,0.0,0.0,0.0,0.0,0.0,0.0,0.0,0.0,0.0,0.0,-0.45684595487764745,-0.28094597228303597,0.0,0.0,0.0,0.0,0.0,0.0,0.0,0.0,0.0,0.0
-1.1568177790328764,-0.3980432506888035,0.0,0.0,0.0,0.0,0.0,0.0,0.0,-0.06266623249084158,-0.553744941777821,0.0,0.0,0.0,0.0,0.0,0.0,0.0,0.0,0.0,0.0,0.0,0.0,0.0,0.0,0.0,0.0,0.0,-0.25029720993127247,0.0,0.0,0.0,0.0,0.0,-0.053388055296953126,0.0,0.0,0.0,0.0,0.0,0.0,0.0,0.0,0.0,0.0,0.0,0.0,0.0,-0.07177165934006709,0.0,0.0,0.0,0.0,0.0,-0.28319937302508325,0.0,0.0,0.0,0.0,0.0,0.0,0.0,-0.039193568124679334,0.0,0.0,0.0,-0.13980080608396028,0.0,0.0,0.0,0.0
0.0,0.0,0.0,0.0,0.0,0.0,0.0,0.0,0.0,0.0,0.0,0.0,0.0,0.0,0.0,0.0,0.0,0.0,0.0,0.0,0.0,0.0,-0.08826856704512709,0.0,0.0,0.0,0.0,-0.457505701263721,0.5816377369130289,0.0,-0.21189283577482212,0.0,0.0,0.0,0.0,0.0,0.0,0.0,0.0,-0.11915642222870927,-0.11030673121677952,-0.19951920271341453,0.0,0.0,0.0,0.0,0.0,0.0,0.0,0.0,-0.8430015238868187,0.0,0.0,0.0,0.0,0.0,0.0,0.0,0.0,0.0,0.0,0.0,0.0,0.0,0.0,-0.2115148172960961,-1.0951967369390787,0.0,0.0,0.0,0.0
-5.792061223947339,0.0,0.0,-1.435017932489697,-0.7459898888120544,0.0,0.0,0.0,0.0,-0.19938275508991438,0.0,0.0,0.0,0.0,0.0,0.0,0.0,0.0,0.0,0.0,0.0,0.0,0.0,0.0,-0.2606441757033475,0.0,0.0,0.0,0.0,0.0,0.0,0.0,-0.16578960762684022,0.0,0.0,0.0,0.0,0.0,0.0,0.0,0.0,0.0,0.0,0.0,0.0,0.0,0.0,0.0,0.0,0.0,0.0,0.0,0.0,0.0,-0.22843833841055472,0.0,0.0,-0.10467628526921612,-0.05411702692256881,0.0,0.0,0.0,0.0,0.0,0.0,0.0,0.0,-0.1830229266770766,0.0,0.0,0.0
-0.7414523793002011,0.0,0.0,0.0,0.0,0.0,0.0,0.0,0.0,0.513528743596406,0.0,0.0,0.0,0.0,0.0,0.0,0.20910946654319154,0.0,0.26667595431526037,0.0,0.0,0.0,0.0,0.0,0.0,0.0,0.4478084900178419,0.0,0.16199920973851945,0.0,0.0,0.0,0.0,0.0,0.3766791836155578,0.0,0.0,0.0,0.0,0.0,0.0,0.0,0.0,0.0,0.0,0.0,0.0,0.0,0.0,0.0,0.0,0.0,0.0,0.0,0.0,0.0,0.0,0.0,0.0,0.3405960924460209,0.0,0.0,0.0,0.0,0.0,-0.929333186943666,0.0,0.31053245996875045,0.0,0.0,0.0
-6.306309039614729,0.0,0.0,-0.5854485309980498,0.0,0.0,0.0,0.0,0.0,0.0,0.5413897607010252,0.0,-0.14758361332153636,0.0,0.0,0.0,0.0,0.0,-0.22390292887779417,0.0,0.0,0.0,0.0,0.0,0.0,0.0,0.39546966014194135,0.0,0.0,0.0,0.0,0.0,0.0,-0.07928698684565028,-0.16560953743648185,0.0,0.0,0.0,0.0,0.0,0.0,0.0,0.0,0.0,0.0,0.0,0.0,0.0,0.0,0.0,0.0,0.0,0.0,0.0,0.0,0.0,0.0,0.0,0.0,0.0,0.0,0.0,0.0,0.0,0.0,0.0,-0.309852690141912,0.0,0.0,-0.12199635160131954,0.0
-2.192189951016927,0.0,0.0,0.0,0.0,0.0,0.0,0.0,0.0,0.5504085543615332,0.5271724515404598,0.0,0.0,0.0,0.0,0.0,0.0,0.0,-0.6728037288586548,0.0,0.0,0.0,0.0,0.0,0.18350329490357084,0.0,0.41586875998927536,0.0,0.15202924032210757,0.0,0.0,0.0,0.0,0.0,0.0,0.0,0.0,0.0,0.0,0.0,0.0,0.0,0.0,0.0,0.0,0.0,0.0,0.0,0.0,0.0,0.0,0.0,0.0,0.0,0.0,0.0,0.0,0.0,0.0,0.21665062158762782,0.0,0.0,0.14985962930655394,0.0,0.2677350056121344,0.0,0.0,0.0,0.0,0.0,0.0
0.15293864114032593,0.0,0.0,0.0,0.0,0.0,0.20379030403151394,0.0,0.0,0.5028642167126818,0.46800658403491363,0.0,0.0,0.0,0.0,0.0,0.0,0.0,-0.5800138834874602,0.0,0.0,0.0,0.0,0.0,0.10204535422834955,0.2193096233894437,0.0,0.0,0.2879694290864941,0.09692924695204788,0.0,0.0,0.1840214368546832,0.0,0.0,0.0,0.0,0.0,0.0,0.0,0.0,0.0,0.0,0.0,0.0,0.0,0.0,0.0,0.0,0.0,0.0,0.0,0.0,0.0,0.0,0.0,0.0,0.0,0.0,0.0,0.0,0.0,0.0,0.0,0.0,0.0,0.0,0.0,0.0,0.0,0.0
-2.2847921295221525,-0.27501697079466003,0.0,0.0,0.0,0.0,0.0,0.0,0.0,0.0,-0.4970931232639286,0.0,0.0,0.0,0.0,0.0,0.0,0.0,-0.07987000410454938,0.0,0.0,0.0,0.0,0.0,0.0,0.0,0.0,0.0,0.0,0.0,0.0,0.0,0.0,0.0,-0.06714135374447425,0.0,0.0,0.0,0.0,0.0,0.0,0.0,0.0,0.0,0.0,0.0,0.0,0.0,0.0,-0.0591107584225731,0.0,0.0,0.0,0.0,0.0,0.0,0.0,0.0,0.0,0.0,0.0,0.0,-0.10992520036510252,0.0,0.0,-0.25962497564235976,0.0,0.0,-0.03968565867286498,-0.03545039046867737,0.0
-7.6747009438658385,0.0,0.0,-0.7361209345957999,0.0,0.17300846913923845,0.0,0.0,0.0,0.3024493261882612,0.36175732200896327,0.0,0.0,0.0,0.0,0.0,0.0,0.0,0.0,0.0,0.0,0.22146059960780917,0.0,0.0,0.0,0.0,0.5123782460471153,0.0,0.0,0.0,0.0,0.0,0.0,0.0,0.0,0.0,0.0,0.0,0.0,0.0,0.0,0.0,0.0,0.0,0.0,0.0,0.0,0.0,0.0,0.0,0.0,0.0,0.0,0.0,0.0,0.0,0.0,0.0,0.3116370558116467,0.37778631728634043,0.0,0.0,0.2815412191922092,0.0,0.0,0.0,0.0,0.0,0.0,0.0,0.0
2.4684811172500503,0.0,0.0,0.0,0.0,0.0,-0.5078784159118659,0.0,0.0,0.0,0.0,0.0,0.0,0.0,0.0,-0.37054923179296523,0.0,0.0,0.0,0.0,0.0,-0.5064128343550092,0.0,0.0,0.0,0.0,-1.0330078410258132,0.0,0.0,0.0,0.0,-0.8607763450853649,-1.0923864242569963,0.0,-0.3794466077911755,0.0,-0.7738387113700443,0.0,0.0,0.0,0.0,0.0,-0.8993947366045415,0.0,0.0,0.0,0.0,0.0,0.0,0.0,0.0,0.0,0.0,0.0,0.0,0.0,0.0,0.0,0.0,0.0,0.0,0.0,0.0,0.0,0.0,0.0,0.0,0.0,0.0,0.0,0.0
0.5021879742212303,0.0,0.0,0.0,0.0,0.0,0.0,0.0,0.0,0.0,0.37507423824469066,0.0,0.0,0.0,0.0,0.2286958113224875,0.0,0.0,0.0,0.0,0.0,0.3025598164739947,0.0,0.0,0.39534417480991657,0.0,0.7029595535041662,0.0,0.0,0.0,0.0,0.0,0.2612050121961451,0.0,0.0,0.0,0.0,0.0,0.0,0.0,0.0,0.0,0.0,0.0,0.0,0.0,0.0,0.0,0.0,0.0,0.0,0.0,0.0,0.0,0.0,0.0,0.0,0.0,0.2881340331525744,0.4808357569929705,0.0,0.0,0.9225045966732549,0.0,0.0,0.0,0.0,0.0,0.0,0.0,0.0
-2.483637482410163,0.0,-0.22023692716244345,-0.15491867012563076,0.0,0.0,0.0,0.0,0.0,0.0,0.0,0.0,0.0,0.0,0.0,0.0,0.0,0.0,0.0,0.0,0.0,0.0,0.0,0.0,0.0,0.0,0.0,-0.1093276725349881,0.0,0.0,0.0,0.0,0.0,-0.18792784702709853,0.0,0.0,0.0,0.0,0.0,0.0,0.0,-0.34480711373686623,0.0,0.0,0.0,0.0,0.0,0.0,0.0,-0.3052384817701409,0.0,0.0,0.0,0.0,0.0,0.0,-0.16603745727985839,0.0,0.0,-0.13042219249904502,0.0,0.0,0.0,0.0,0.0,-0.5333393223838185,0.0,0.0,0.0,0.0,0.0
-1.0117465794471283,-1.0297225866684017,0.0,-0.8319917963590706,0.0,0.0,0.0,0.0,0.0,0.0,-1.3388361027864275,0.0,0.0,0.0,0.0,0.0,0.0,0.0,-0.6307371080789999,0.0,0.0,0.0,0.0,0.0,0.0,0.0,0.0,0.0,0.0,0.0,0.0,0.0,0.0,-0.6929704778720309,0.0,0.0,0.0,0.0,0.0,0.0,0.0,-1.3643894478677354,0.0,0.0,0.0,0.0,0.0,0.0,0.0,0.0,0.0,0.0,0.0,0.0,0.0,0.0,-0.6630665856547744,0.0,0.0,0.0,0.0,0.0,-1.0737023655115965,0.0,0.0,0.0,0.0,-0.9583744343108416,0.0,0.0,0.0
0.4680138503258934,0.0,0.0,0.0,0.0,0.0,0.0,0.0,0.198670702546375,0.0,0.4653745476407497,0.0,0.0,0.0,0.0,0.0,0.0,0.0,-0.5666411774190624,0.0,0.0,0.0,0.0,0.0,0.2559180980440828,0.0,0.5458190587812548,0.0,0.0,0.0,0.0,0.0,0.20164690267260532,0.0,-0.3592306030393497,0.0,0.0,0.0,0.0,0.0,0.0,0.0,0.0,0.0,0.0,0.0,0.0,0.0,0.0,0.0,0.0,0.0,0.0,0.0,0.0,0.0,0.0,-0.4736120328157075,0.0,0.3090289865772461,0.0,0.0,0.0,0.0,0.0,0.0,0.0,0.0,0.0,0.0,0.0
-2.5292495475736585,0.0,0.0,0.0,0.0,0.0,0.0,0.0,0.0,0.524864568247301,0.42103240927775054,0.0,0.0,0.0,0.0,0.0,0.0,0.0,0.0,0.0,0.0,0.0,0.0,0.0,0.0,0.3325947673993329,0.0,0.0,0.23520382450390032,0.2385898524165998,0.0,0.0,0.32602011000528613,0.0,0.0,0.0,0.0,0.0,0.0,0.0,0.0,0.0,0.0,0.0,0.0,0.0,0.0,0.0,0.0,0.0,0.0,0.0,0.0,0.0,0.0,0.0,0.0,0.0,0.0,0.0,0.0,0.0,0.371595048809216,0.0,0.37873958779619776,0.0,0.0,0.0,0.0,0.2806261700737633,0.0
-3.584509876030822,0.0,0.0,-0.2748289285786633,0.0,0.0,0.0,0.0,0.0,0.0,0.29272863206294075,0.0,0.0,0.0,0.0,0.0,0.0,0.0,-0.3074059545340682,0.0,0.0,0.0,0.0,0.0,0.0,0.0,0.5281997580637566,0.0,0.0,-0.2509093327426246,0.0,0.0,0.0,0.0,-0.29349474846017665,0.0,0.0,0.0,0.0,0.0,0.0,0.0,0.0,0.0,0.0,0.0,0.0,0.0,0.0,0.0,0.0,0.0,0.0,0.0,0.0,0.0,0.0,0.0,0.3872403122603384,0.36323621860853383,0.0,0.0,0.32779293686897454,0.0,0.0,0.0,0.0,0.0,0.0,0.0,0.0
-6.64733134996258,0.0,0.0,-0.6778205030803087,0.0,0.0,0.0,0.0,0.0,0.0,0.0,0.0,0.0,0.0,0.0,0.0,0.19550316318379193,0.0,0.0,0.0,0.0,0.0,0.0,0.0,0.0,0.0,0.2268625977891719,0.0,0.0,0.0,0.0,0.0,0.0,0.0,0.2585761933470778,0.0,0.0,0.0,0.0,0.0,0.0,0.0,0.0,0.0,0.0,0.0,0.0,0.0,0.0,0.0,0.0,0.0,0.0,0.0,-0.3555104201493406,0.0,0.0,0.0,0.0,0.11903011980893297,0.0,0.0,0.20626962408416286,0.0,0.0,0.17551859622412294,0.0,0.17480500017940867,0.0,0.0,0.0
3.264867869361961,0.0,0.0,0.373623923658433,0.0,0.0,-0.5746031123747539,0.0,0.0,0.0,0.0,0.0,0.0,0.0,0.0,0.0,0.0,0.0,0.0,0.0,0.0,0.0,0.0,0.0,0.0,0.3866782556966271,-0.7581238626211191,0.0,0.0,0.0,0.0,0.0,0.2775560294366685,0.0,0.6776751256454013,0.0,-0.6463163093606653,0.0,0.0,0.0,0.0,0.0,0.0,0.0,0.0,0.0,0.0,0.0,0.0,0.0,0.0,0.0,0.0,0.0,0.0,0.0,0.0,0.0,0.0,0.0,0.44295127010211,0.0,0.0,0.0,0.0,0.25441907296864263,0.0,0.0,0.0,0.0,0.0
0.7727230587642825,-0.3021069674987568,0.0,0.0,0.0,0.0,0.0,0.0,0.0,0.0,-0.6165255169815755,0.0,0.0,0.0,0.0,0.0,0.0,0.0,0.0,0.0,0.0,0.0,0.0,0.0,-0.17687217410099904,-0.21065198350709727,0.0,0.0,0.3245672081951432,0.0,0.0,0.0,0.0,0.0,0.0,0.0,0.0,0.0,0.0,0.0,0.0,0.4336951002769872,0.0,0.0,0.0,0.0,0.0,0.0,0.0,-0.14783501537668087,0.0,0.0,0.0,0.0,0.0,0.0,0.0,0.0,0.0,0.0,-0.2710054381757628,0.0,-0.3690169060548906,0.0,0.0,0.0,0.0,0.0,0.0,0.0,0.0
0.0,0.0,0.0,0.0,0.0,0.0,0.27882391069170415,0.0,0.18088551873780553,0.0,0.0,0.0,0.0,0.0,0.0,0.0,0.18703397793466217,0.0,0.0,0.0,0.0,0.0,0.1849279733328144,0.0,0.0,0.0,0.4883577244952638,0.0,0.3976499967800414,0.0,0.0,0.0,0.0,0.0,0.19401847182036497,0.0,0.0,0.0,0.0,0.0,0.0,0.0,0.0,0.0,0.0,0.0,0.0,0.0,0.0,0.0,0.0,0.0,0.0,0.0,0.0,0.0,0.0,0.0,0.2120325044176699,0.30576514401876287,0.0,0.0,0.5457795185557013,0.0,0.0,0.0,0.0,0.0,0.0,0.0,0.0
-4.651477500278533,0.0,0.0,0.0,0.0,0.0,0.12785871909136454,0.0,0.0,0.6118380891060715,0.5221459468792036,0.0,0.0,0.0,0.0,0.0,0.0,0.0,0.0,0.0,0.0,0.0,0.0,0.0,0.18237923204068324,0.0,0.3631803407740902,0.0,0.16408587570003288,0.0,0.0,0.0,0.0,0.0,0.0,0.0,0.0,0.0,0.0,0.0,0.0,0.0,0.0,0.0,0.0,0.0,0.0,0.0,0.0,0.0,0.0,0.0,0.0,0.0,0.0,0.0,0.0,0.0,0.12724017022116607,0.16204716864980884,0.0,0.0,0.0,0.0,0.0,0.0,0.0,0.21620596190656713,0.0,0.0,0.0
-7.633554951603741,0.0,0.0,-0.7174839781670955,0.0,0.0,0.0,0.0,0.0,0.3948015952918998,0.22793945751678682,0.0,0.0,0.0,0.0,0.0,0.0,0.0,0.0,0.0,0.0,0.10430632887208091,0.0,0.0,0.0,0.0,0.5125945921150622,0.0,0.0,0.0,0.0,0.0,0.0,0.0,0.0,0.0,0.0,0.0,0.0,0.0,0.0,0.0,0.0,0.0,0.0,0.0,0.0,0.0,0.0,0.0,0.0,0.0,0.0,0.0,0.0,0.0,0.0,0.24403390779463785,0.1831470599972301,0.2150995442763313,0.0,0.0,0.0,0.25113671386640346,0.0,0.0,0.0,0.0,0.0,0.0,0.0
0.0,-0.35188011291622934,0.0,0.0,0.0,0.0,0.0,0.0,0.0,-0.7198294681904097,-0.6912919021640149,0.0,0.0,0.0,0.0,0.0,0.0,0.0,0.0,0.0,0.0,0.0,0.0,0.0,-0.2882954554108191,0.0,0.0,0.0,-0.22998662955773247,0.0,0.0,0.0,0.0,0.0,0.0,0.0,0.0,0.0,0.0,0.0,0.0,0.0,0.0,-0.1871595588565557,0.0,0.0,0.0,0.0,0.0,-0.14868194022055423,0.0,0.0,0.0,0.0,0.0,0.0,0.0,0.0,-0.3050053536848331,0.0,0.0,0.0,-0.1215471963245181,-0.09038449491688727,0.0,0.0,0.0,0.0,0.0,0.0,0.0
0.9147674132463505,0.0,0.0,0.0,0.5400142227967123,0.0,0.0,0.0,0.0,0.4871178464916582,1.4242468346803892,0.0,0.0,0.5632080438590049,0.0,0.0,0.0,0.0,0.0,0.0,0.0,0.0,0.0,0.0,0.3862617743323673,0.0,0.5979290477585087,0.0,0.0,0.0,0.0,0.0,0.44740730842521576,0.0,0.0,0.0,0.0,0.0,0.0,0.0,0.0,0.0,0.0,0.0,0.0,0.0,0.0,0.0,0.0,0.0,0.0,0.0,0.0,0.0,0.0,0.0,0.0,0.0,0.0,0.0,0.0,0.0,0.0,0.0,0.5304888913056447,0.0,0.0,0.3950020285432351,0.0,0.0,0.0
0.6626358014774841,0.0,0.0,-0.4978067825780863,0.0,0.0,0.0,0.0,0.0,0.0,0.0,0.0,0.0,0.0,0.0,0.0,0.4544016603591065,0.0,0.0,0.0,0.0,0.0,0.0,0.0,0.0,0.0,0.49915556007614387,0.0,0.0,0.0,-0.49196296323652433,0.0,0.0,0.0,0.0,0.0,0.0,0.0,0.0,0.0,0.0,0.0,0.0,0.0,0.0,0.0,0.0,0.0,0.0,0.0,0.0,0.0,0.0,0.0,0.0,0.0,0.0,-0.5979741233240923,0.0,0.2461754915539524,0.0,0.24737072857903553,0.6343683543477266,0.0,0.0,0.0,0.0,0.44778293125465435,0.0,0.0,0.0
-6.992446060939927,0.0,0.0,-0.7677275797263471,0.0,0.0,0.0,0.0,0.0,0.0,0.0,0.0,0.0,0.0,0.0,0.0,0.3018895166556378,0.0,0.0,0.0,0.0,0.0,0.0,0.0,0.0,0.0,0.3936835166237732,0.0,0.26928735278610605,0.0,0.0,0.0,0.0,0.0,0.0,-0.19019416762726873,0.0,0.0,0.0,0.0,0.0,0.0,0.0,0.0,0.0,0.0,0.0,0.0,0.0,0.0,0.0,0.0,0.0,0.0,0.0,0.0,0.0,-0.1846724030987069,0.0,0.251275058504185,0.0,0.0,0.25194858750687965,0.0,0.0,0.0,0.0,-0.17668540070032357,0.0,0.0,0.0
1.263962031012542,0.0,0.0,0.0,0.3494331774386514,0.0,0.0,0.0,0.0,0.3382617370103887,0.0,0.0,0.0,0.0,0.0,0.42488240211459805,0.0,0.0,0.0,0.0,0.0,0.9742375317871056,0.0,0.0,0.0,0.2855249307862066,0.0,0.0,0.24536760036778826,0.0,0.0,0.0,0.0,0.0,0.0,0.0,0.0,0.0,0.0,0.0,0.0,0.0,0.0,0.0,0.0,0.0,0.0,0.0,0.0,0.0,0.0,0.0,0.0,0.0,0.44665093461337546,0.0,0.0,0.4314267533448453,0.0,0.0,0.0,0.0,0.0,0.2554026728268675,0.0,0.0,0.0,0.0,0.0,0.0,0.0
0.41320177855549034,0.0,0.0,0.0,0.0,0.0,0.19890169465624152,0.0,0.0,0.0,0.0,0.0,0.0,0.0,0.0,0.0,0.0,0.0,0.0,0.0,0.0,0.0,0.0,0.0,0.0,0.2556736369314266,0.2486437961620853,0.0,0.0,0.0,0.0,0.0,0.43423313749612696,0.0,0.0,0.0,0.0,0.0,0.0,0.0,0.0,0.0,0.24058846468579712,0.0,0.0,0.3018876795658186,0.0,0.19278505094186738,0.0,0.0,0.0,0.0,0.0,0.0,0.0,0.0,0.31229487090404623,0.0,0.23494808425503128,0.0,0.0,0.0,0.0,0.0,0.0,0.0,0.0,0.0,0.0,0.0,0.0
0.8495071456932498,0.0,0.0,0.0,0.0,0.0,0.5545393679354176,0.0,0.0,0.6893006045995236,0.6029731756998007,0.0,0.0,0.0,0.0,0.0,0.0,0.0,0.0,0.0,0.0,0.0,0.0,0.0,0.0,0.48283268424765274,0.0,0.0,0.0,0.0,0.0,0.0,0.5066606818679867,0.0,0.0,0.0,0.0,0.0,0.0,0.0,0.0,0.3891899787480703,0.0,0.0,0.0,0.0,0.0,0.0,0.0,0.0,0.0,0.0,0.0,0.0,0.0,0.0,0.0,0.0,0.0,0.0,0.0,0.0,0.5221318233196893,0.4637134979966933,0.4132203363407694,0.0,0.0,0.0,0.0,0.0,0.0
-7.984041675257302,0.0,0.0,0.0,0.0,0.0,0.0,0.0,0.0,0.0,0.0,0.0,0.0,0.0,0.0,0.0,0.0,0.0,0.26064692624984936,0.0,0.0,0.12629851444395415,0.0,0.0,0.0,0.0,0.40199845035230863,0.0,0.0,0.0,0.0,0.0,0.0,0.0,0.2429974570995148,0.0,0.0,0.0,0.0,0.0,0.0,0.0,0.0,0.0,0.0,0.0,0.0,0.0,0.0,0.0,0.0,0.0,0.0,0.0,0.0,0.0,0.0,0.2521249182593801,0.0,0.1903179312617003,0.0,0.26331905960665836,0.8109476403720649,0.0,0.0,0.0,0.0,0.26918602620916154,0.0,0.0,0.0
-3.253960937052893,0.0,0.0,0.0,0.0,0.0,0.0,0.0,0.0,0.0,0.0,0.0,0.0,0.0,0.0,0.0,0.0,0.0,0.36895471533591323,0.0,0.0,0.0,0.0,0.0,0.0,0.0,0.3321130469511293,-0.1970978363100136,0.0,0.0,0.0,0.0,0.0,0.0,0.0,0.0,0.0,0.0,0.0,0.0,0.0,-0.22973909093702194,0.0,0.0,0.0,0.0,0.0,0.0,0.0,0.0,-0.47205872331533993,0.0,0.0,0.0,0.0,0.0,0.0,0.0,0.0,0.35572196349572044,0.0,0.0,0.0,0.0,0.0,-0.26809759148030987,-0.617779437572569,0.3257584418508386,0.0,0.0,0.0
-2.3224725473862167,0.0,0.0,0.0,0.0,0.0,0.2657758169613183,0.0,0.0,0.2994632303178513,0.3846200851901832,0.0,0.0,0.0,0.0,0.0,0.2472600999868417,0.0,-0.5463862918885508,0.0,0.0,0.0,0.0,0.0,0.3069538970553003,0.0,0.39447713326086514,0.0,0.0,0.0,0.0,0.0,0.0,0.0,0.0,-0.3613402771555405,0.0,0.0,0.0,0.0,0.0,0.0,0.0,0.0,0.0,0.0,0.0,0.0,0.0,0.0,0.0,0.0,0.0,0.0,0.0,0.0,0.0,0.0,0.0,0.28392096993101973,0.0,0.0,0.0,0.0,0.0,0.0,0.0,0.0,0.0,0.0,0.0
-0.9198906454645426,0.0,0.0,-0.2569219148625482,-0.07786259969055738,0.0,0.0,0.0,0.0,0.0,0.0,0.0,0.0,0.0,0.0,0.0,0.0,0.0,-0.3427416862939305,0.0,0.0,0.0,0.0,0.0,0.0,0.0,0.0,-0.09035260683092775,0.0,0.0,0.0,0.0,0.0,0.0,-0.308034962138961,-0.21063506010934216,0.0,0.0,0.0,0.0,0.0,-0.06768996994462695,0.0,0.0,0.0,0.0,0.0,0.0,0.0,0.0,0.0,0.0,0.0,0.0,0.0,0.0,-0.0949728547290257,0.0,0.0,0.0,0.0,0.0,0.0,0.0,0.0,0.0,0.0,0.0,0.0,-0.1186547279495749,0.0
-2.7811398091655293,0.0,0.0,0.0,0.0,0.0,0.0,0.0,0.0,0.4059897744432788,0.29789231843219194,0.0,0.0,0.0,0.0,0.0,0.0,0.0,0.0,0.0,0.0,0.11900282767406903,0.0,0.0,0.4686146334507082,0.0,0.5493855030818491,0.0,0.2744038123788882,0.0,0.0,0.10851822386987026,0.0,0.0,0.0,0.0,0.0,0.0,0.0,0.0,0.0,0.0,0.0,0.0,0.0,0.0,0.0,0.0,0.0,0.0,0.0,0.0,0.0,0.0,0.0,0.0,0.0,0.0,0.0,0.25193991829164064,0.0,0.0,0.15824245898212091,0.0,0.0,0.0,0.0,0.0,0.0,0.0,0.0
0.0,0.0,0.0,0.0,0.0,0.0,0.0,0.0,0.0,0.46047395940320246,0.0,0.0,0.0,0.0,0.0,0.0,0.12448492921779497,0.0,0.17151272609258827,0.0,0.0,0.0,0.0,0.0,0.0,0.0,0.6049174057624104,0.0,0.24769142614565867,0.09395454360170352,0.0,0.0,0.0,0.0,0.1979140279576751,0.0,0.0,0.0,0.0,0.0,0.0,0.0,0.0,0.0,0.0,0.0,0.0,0.0,0.0,0.0,0.0,0.0,0.0,0.0,0.0,0.0,0.0,0.0,0.0,0.2021002696485046,0.0,0.0,0.0,0.250780427410905,0.0,0.0,0.0,0.21520646963614493,0.0,0.0,0.0
-7.574824807176894,0.0,0.0,-0.9163414215297099,0.0,0.1222952543881318,0.0,0.0,0.0,0.0,0.21476996580954716,0.0,0.0,0.0,0.0,0.0,0.0,0.0,0.0,0.0,0.0,0.0,0.08317384774375954,0.0,0.2198858906269723,0.0,0.43800879937708986,0.0,0.0,0.0,0.0,0.0,0.1463190133522767,0.0,0.0,0.0,0.0,0.0,0.0,0.0,0.0,0.0,0.0,0.0,0.0,0.0,0.0,0.0,0.0,0.0,0.0,0.0,0.0,0.0,0.0,0.0,0.0,0.0,0.0,0.26706911421574936,0.0,0.0,0.7205321821223982,0.0,0.0,0.0,0.0,0.0,0.0,0.0,0.0
-7.449176151974318,0.0,0.0,-0.6662539563188243,0.0,0.0,0.0,0.0,0.0,0.28072401041907546,0.2837131519731894,0.0,0.0,0.0,0.0,0.0,0.0,0.0,0.0,0.0,0.0,0.0,0.0,0.0,0.39371814937379,0.0,0.4566395375682483,0.0,0.13653975660557816,0.0,0.0,0.0,0.0,0.0,-0.5701519800111212,0.0,0.0,0.0,0.0,0.0,0.0,0.2198227308330198,0.0,0.0,0.0,0.0,0.0,0.0,0.0,0.0,0.0,0.0,0.0,0.0,0.0,0.0,0.0,0.0,0.0,0.2452979420231842,0.0,0.0,0.0,0.0,0.0,0.0,0.0,0.0,0.0,0.0,0.0
3.1188906603798223,0.0,0.0,0.0,0.18214951168495777,0.0,0.0,0.0,0.0,0.5844857468279563,0.28565257544871053,0.0,0.0,0.0,0.0,0.0,0.0,0.0,0.0,0.0,0.0,0.0,0.0,0.0,0.14979898471951517,0.0,0.0,0.0,0.17158511735268067,0.0,0.0,0.0,0.27593420583570694,0.0,0.0,0.0,0.0,0.0,0.0,0.0,0.0,0.0,0.0,0.0,0.0,0.0,0.0,0.0,0.0,0.0,0.0,0.0,0.0,0.0,0.0,0.0,0.0,0.0,0.0,0.1611575205572197,0.0,0.0,0.14865904396818103,0.0,0.0,0.0,0.0,0.0,0.0,0.1269799897326962,0.0
2.1938478763300813,0.0,0.0,0.0,0.0,0.0,0.0,0.0,0.0,0.6683468106288605,0.0,0.0,-0.15418546723544824,0.0,0.0,0.0,0.0,0.0,0.0,0.0,0.0,0.0,0.0,0.0,0.0,0.0,0.0,0.0,0.0,0.0,0.0,0.0,-0.21883828757156204,-0.5423516670308726,0.0,0.0,0.0,0.0,0.0,0.0,0.0,-0.5495279385521911,0.0,0.0,0.0,-0.3756636907226588,0.0,0.0,0.0,-0.41762831463868255,0.0,0.0,0.0,0.0,0.0,0.0,0.0,0.0,0.0,0.0,0.0,0.0,0.0,0.0,0.0,-0.22560545832935835,0.0,0.0,0.0,-0.16131690651720576,0.0
1.3039844866268455,0.0,0.0,0.0,0.0,0.0,0.0,0.16041737158860261,0.0,0.2734529514778627,0.0,0.0,0.0,0.0,0.0,0.0,0.0,0.0,0.0,0.0,0.0,0.0,0.11103197481727979,0.0,0.0,0.0,0.5730251337226242,0.0,0.37499952492248867,0.0,0.0,0.0,0.0,0.0,0.0,0.0,0.0,0.0,0.0,0.0,0.0,0.0,0.10043628599769994,0.0,0.0,0.0,0.0,0.1896149243381819,0.0,0.0,0.0,0.0,0.0,0.0,0.0,0.0,0.0,0.0,0.0,0.3243687943483914,0.0,0.0,0.22300472482957975,0.0,0.0,0.0,0.0,0.0,0.0,0.0,0.0
0.0,0.0,0.0,0.0,0.0,0.0,0.21208380037785182,0.0,0.0,0.0,0.705262616459652,0.0,0.0,0.0,0.0,0.0,0.19546917016502235,0.0,0.0,0.0,0.12078147120636595,0.0,0.0,0.0,0.38160009689879604,0.0,0.3430484275563806,0.0,0.0,0.0,0.0,0.0,0.15355588151559219,0.4432868203084014,0.0,0.0,0.0,0.0,0.0,0.0,0.0,0.0,0.0,0.0,0.0,0.0,0.0,0.0,0.0,0.0,0.0,0.0,0.0,0.0,0.0,0.0,0.0,0.0,0.0,0.29219007152205356,0.0,0.0,0.0,0.0,0.0,0.16327851978444002,0.0,0.0,0.0,0.0,0.0
-6.290419848843813,0.0,0.0,-1.2472677393216671,-0.30111563031891725,0.0,0.0,0.0,0.0,0.0,0.0,-0.24843994394751007,0.0,0.0,0.0,0.0,-0.20642268227826577,0.0,0.0,0.0,0.0,-0.3587535722379147,0.0,0.0,0.0,0.0,0.0,0.0,0.0,0.0,0.0,0.0,0.0,0.0,0.0,0.0,-0.2595030285814113,0.0,0.0,0.0,0.0,0.0,0.0,0.0,0.0,0.0,0.0,0.0,0.0,0.0,0.0,0.0,0.0,0.0,-0.37203971582275597,0.0,0.0,0.0,0.0,0.0,0.0,0.0,-0.35499389256066044,0.0,0.0,0.0,0.0,0.0,0.0,0.0,-0.2818072607222159
-2.3371272469856486,-0.2995589187417419,0.0,0.0,0.0,0.0,0.0,0.0,0.0,-0.07045201338109039,-0.46617958100002205,0.0,0.0,0.0,0.0,0.0,-0.02407635340211625,0.0,-0.13576126662661298,0.0,0.0,0.0,0.0,0.0,0.0,0.0,0.0,0.0,0.0,0.0,0.0,0.0,0.0,0.0,-0.024753299897408265,0.0,0.0,0.0,0.0,0.0,0.0,0.0,0.0,0.0,0.0,0.0,0.0,0.0,0.0,-0.03391304094678379,0.0,0.0,0.0,0.0,0.0,0.0,0.0,0.0,0.0,0.0,0.0,0.0,-0.06999902104393999,0.0,0.0,-0.3191262884300792,0.0,0.0,0.0,0.0,0.0
-0.9607671723075709,0.0,0.0,-0.37476046382476635,0.0,0.0,-0.22848848655118723,0.0,0.0,0.0,0.0,0.0,0.0,0.0,0.0,0.0,0.0,0.0,0.0,0.0,0.0,-0.018951551431284575,0.0,0.0,-0.029066283281224188,0.0,0.0,0.0,0.0,0.0,0.0,0.0,0.0,0.0,0.0,0.0,0.0,0.0,0.0,0.0,0.0,0.0,0.0,0.0,0.0,0.0,0.0,0.0,0.0,-0.13966091222615545,0.0,0.0,0.0,0.0,-0.12251645632554581,0.0,-0.1169482346455686,0.0,0.0,-0.11195249306536534,0.0,0.0,0.0,0.0,0.0,-0.3731093298241191,0.0,0.0,0.0,0.0,0.0
2.192708621459524,-0.6599662864310726,0.0,0.0,0.0,0.0,0.0,0.0,0.0,-0.7778530170403888,-0.975828708823085,0.0,0.0,0.0,0.0,0.0,0.0,0.0,0.580243744919477,0.0,0.0,0.0,0.0,0.0,0.0,0.0,0.0,0.0,-0.47611210801052994,0.0,0.0,0.0,0.0,0.0,0.45952812108267316,0.0,0.0,0.0,0.0,0.0,0.0,0.0,0.0,0.0,0.0,0.0,0.0,0.0,0.0,0.0,0.0,0.0,0.0,0.0,0.45071551898773576,0.0,0.0,0.45437208289961223,0.0,0.0,0.0,0.0,-0.5905340217161865,0.0,0.0,0.0,0.0,0.0,0.0,0.0,0.0
-8.476942122909845,0.0,0.0,-0.3565695191521646,-0.2815559666031197,0.0,0.0,0.0,0.0,0.26229397391260534,0.3559527120219164,0.0,0.0,0.0,0.0,0.0,0.0,0.0,0.0,0.0,0.0,0.0,0.0,0.0,0.0,0.0,0.0,0.0,0.0,0.0,0.0,0.0,0.0,0.27481678724848635,0.0,0.0,0.0,0.0,0.0,0.0,0.0,0.0,0.0,0.0,0.0,0.0,0.0,0.0,0.0,-0.289068354827079,0.0,0.0,0.0,0.0,0.0,0.0,0.0,0.0,0.0,0.0,0.0,0.0,0.3415159996498859,0.2725646718623735,0.0,-0.3878137779426823,0.0,0.0,0.0,0.0,0.0
0.0,0.0,0.0,0.0,0.0,0.0,0.0,0.09865855028020462,0.0,0.3468939149182096,0.3108773035816891,0.0,0.0,0.0,0.0,0.08245382773344535,0.0,0.0,0.0,0.0,0.0,0.0,0.0,0.0,0.2867571469383891,0.0,0.5014268720398634,0.0,0.2655588413315821,0.0,0.0,0.0,0.0,0.0,0.0,0.0,0.0,0.0,0.0,0.0,0.0,0.09711438392722303,0.06845933087784051,0.0,0.0,0.0,0.0,0.0,0.0,0.0,0.0,0.0,0.0,0.0,0.0,0.0,0.0,0.0,0.0,0.14742887823837492,0.0,0.0,0.0,0.0,0.0,0.0,0.0,0.0,0.0,0.0,0.0
-0.7534965881608409,0.0,0.0,-0.4992148306613328,0.0,0.0,0.0,0.0,0.0,0.0,0.0,0.0,0.0,0.0,0.0,0.0,0.29367097705183853,0.0,0.0,0.0,0.0,0.0,0.0,0.0,0.0,0.0,0.4888363463595581,0.0,0.0,0.0,0.0,0.0,0.0,0.0,0.0,0.0,0.0,0.0,0.0,0.0,0.0,0.0,0.0,0.0,0.0,0.0,0.0,0.0,0.0,0.0,0.0,0.0,0.0,0.0,0.0,0.28036296808626404,0.0,-0.826406094995231,0.0,0.3326970632754674,0.0,0.0,0.7007298500192051,0.0,0.0,-0.3355348999120612,0.0,0.3298123532863765,0.0,0.0,0.0
0.0,0.0,0.0,0.0,0.0,0.0,0.0,0.0,0.10153059508063095,0.21994923386514226,0.23159796905380275,0.0,0.0,0.0,0.0,0.0,0.16803879048700127,0.0,0.0,0.0,0.0,0.0,0.13589046781726474,0.0,0.0,0.0,0.5205422233379514,0.0,0.0,0.0,0.0,0.0,0.0,0.0,0.0,0.0,0.0,0.0,0.0,0.0,0.0,0.0,0.0,0.0,0.0,0.0,0.0,0.0,0.0,0.0,0.0,0.0,0.0,0.0,0.0,0.0,0.0,0.0,0.0,0.2601022028328716,0.0,0.0,0.22343454469844318,0.0,0.09791776243257444,0.0,0.0,0.09191258325918607,0.0,0.0,0.0
-0.5526267992641568,0.0,0.0,0.0,0.0,0.0,-0.26524589409122973,0.0,0.0,0.0,0.0,0.0,0.0,0.0,0.0,0.0,-0.16098083077368455,0.0,0.0,0.0,0.0,0.0,0.0,0.0,0.0,0.0,0.8173719262202432,0.0,0.0,-0.7471304256785463,0.0,0.0,-0.32787198483767294,0.0,-0.3963393457682388,0.0,0.0,0.0,0.0,0.0,0.0,0.0,0.0,0.0,0.0,-0.24956942660647388,0.0,0.0,0.0,0.0,0.0,-0.18347275664541915,0.0,0.0,0.0,0.0,0.0,0.0,-0.16067246591065568,0.0,0.0,0.0,0.0,0.0,0.0,0.0,0.0,0.0,0.0,0.0,0.0
-2.4512749636848237,0.0,0.0,-0.4613913312596842,0.0,0.0,0.2593028799719718,0.0,0.0,0.325307148459724,0.0,0.0,0.0,0.0,0.0,0.0,0.0,0.0,0.0,0.0,0.0,0.0,0.0,0.0,0.0,0.0,0.44763031130572645,0.0,0.3314441665147604,-0.2804727889593957,0.0,0.0,0.0,0.0,0.0,0.0,0.0,0.0,0.0,0.0,0.0,0.0,0.0,0.0,0.0,0.0,0.0,0.0,0.0,0.0,0.0,0.0,0.0,0.0,0.0,0.0,0.0,0.0,0.0,0.19060983065495019,0.0,0.0,0.0,0.0,0.0,-0.3067379626484735,0.0,0.0,0.13379003709995652,0.0,0.0
0.0,-0.3728511639892436,0.0,0.0,0.0,0.0,0.0,0.0,0.0,-0.18197142946063782,-0.374656594467349,0.0,0.0,0.0,0.0,0.0,0.0,0.0,-0.12363220830951206,0.0,0.0,0.0,0.0,0.0,0.0,0.0,-0.6787153107951185,0.0,0.0,0.0,0.0,-0.40593119464004934,0.0,0.0,0.0,0.0,0.0,0.0,0.0,0.0,0.0,0.0,0.0,0.0,0.0,0.0,0.0,-0.2585989284647568,0.0,0.0,0.0,0.0,0.0,0.0,0.0,0.0,0.0,0.0,0.0,-0.14571269724525626,-0.1409851068509615,0.0,0.0,0.0,0.0,0.0,0.0,0.0,0.0,0.0,-0.2047821209640039
-3.3037215276223777,0.0,0.0,0.0,0.0,0.0,0.0,0.0,0.0,0.0,0.6661180660809847,0.0,0.0,0.0,0.0,0.0,0.4466484542023257,0.0,0.0,0.0,0.0,0.3182198962537117,0.0,0.0,0.4132420609107659,0.0,0.5241212877631439,0.0,0.0,0.0,0.0,0.0,0.0,0.0,0.0,0.0,0.0,0.0,0.0,0.0,0.0,0.0,0.0,0.0,0.0,0.0,0.0,0.0,0.0,0.0,0.0,0.0,0.0,0.0,0.0,0.42401065600679044,0.0,0.0,0.0,0.47523250864380956,0.0,0.0,0.41515980707940275,0.0,0.36197534298967105,0.0,0.0,0.0,0.0,0.0,0.0
2.8357821012043614,0.0,0.0,0.5768231643088386,1.4890216005947208,0.0,0.0,0.0,0.0,-0.6375488929207866,0.0,0.0,0.0,0.0,0.0,0.0,0.0,0.0,0.0,0.0,0.0,0.0,0.0,0.0,0.0,0.0,-1.0334219378438807,0.0,0.0,0.0,0.0,-0.6299925007455336,0.0,0.0,0.43161843778068754,0.0,0.0,0.0,0.0,0.0,0.0,0.0,0.0,0.0,0.0,0.0,0.0,0.0,0.0,0.0,0.0,0.0,0.0,0.0,0.0,0.0,0.0,0.0,0.0,0.0,0.0,0.6020917670005506,0.0,0.0,0.0,0.5738928298916091,0.0,0.3191588978325826,0.0,0.0,0.0
2.379022857960532,0.0,0.0,0.5873912637331806,0.0,0.0,0.0,0.0,0.0,0.4092185484814984,0.6213917685671126,0.0,0.0,0.0,0.0,0.0,0.0,0.0,0.0,0.0,0.0,0.0,0.0,0.0,0.20117913088643283,0.23327003960902162,0.0,0.0,0.0,0.0,0.0,0.0,0.2566178337894887,0.0,0.0,0.0,0.0,0.0,0.0,0.0,0.0,0.0,0.0,0.0,0.13476365524933007,0.0,0.0,0.1469186479467961,0.0,0.0,0.0,0.0,0.0,0.0,0.0,0.0,0.0,0.0,0.0,0.0,0.0,0.0,0.0,0.0,0.0,0.0,0.0,0.0,0.0,0.13948079192467872,0.0
0.0,0.0,0.0,0.0,0.0,0.0,0.0,0.0,0.0,0.0,0.0,0.0,-0.350258856758253,-0.3319455923735772,0.0,0.0,0.0,0.0,0.0,0.0,0.0,0.0,0.0,0.0,0.0,0.0,0.0,0.0,0.0,-0.608247555428872,0.0,0.0,0.0,0.0,-0.40377335769260086,-0.4194229585299318,0.0,0.0,0.0,0.0,0.0,0.0,0.0,0.0,0.0,-0.4957978030278769,0.0,0.0,0.0,0.0,0.0,0.0,0.0,0.0,0.0,-0.20259600737918648,0.0,0.0,-0.08266629540499881,0.0,0.0,-0.47015226818290734,0.0,0.0,0.0,0.0,-0.7122003035727472,0.0,0.0,0.0,0.0
0.0,-0.7758395493344017,0.0,0.0,0.0,0.0,0.0,0.0,0.0,0.0,-0.9775822154260158,0.0,0.0,0.0,0.0,0.0,0.0,0.0,0.0,0.0,0.0,0.0,0.0,0.0,0.40271765048650937,0.0,0.32092586325821715,-0.5202498254899779,0.3807210170407289,0.0,0.0,0.0,0.0,0.0,0.0,0.0,0.0,0.0,0.0,0.0,0.0,0.0,0.0,0.0,0.0,0.0,-0.4007901451117604,0.0,0.0,0.0,0.0,-0.29069214032228285,0.0,0.0,0.0,0.0,0.0,0.4234703748977586,0.0,0.0,0.0,0.0,0.0,0.0,0.0,0.0,0.0,0.31435190475574215,0.0,0.0,0.0
2.2937380081651613,0.0,0.0,0.0,0.0,0.0,-0.6158707543042271,0.0,0.0,0.0,0.0,0.0,0.0,0.0,0.0,0.0,0.0,0.0,0.0,0.0,0.0,0.0,0.0,0.0,0.0,0.275946177638438,-0.9810721062728811,0.0,0.0,0.0,0.0,0.0,0.25362739180655614,0.0,0.750780418831078,0.0,-0.7286297771679969,0.0,0.0,0.0,0.0,0.0,0.0,0.0,0.0,0.0,0.0,0.0,0.0,0.36397129977785897,0.0,0.0,0.0,0.0,0.0,0.0,0.0,0.0,0.0,0.0,0.35560540809320057,0.0,0.0,0.0,0.0,0.28756273793830617,0.0,0.0,0.0,0.0,0.0
-7.292671562914047,0.0,0.0,-0.22501585581907502,-0.2531752974524894,0.0,0.0,0.0,0.0,0.0,0.0,0.0,0.0,0.0,0.0,0.0,0.0,0.0,-0.18802085414213973,0.0,0.0,0.0,0.0,0.0,0.0,0.0,0.0,0.0,0.0,-0.12622695290333483,0.0,0.0,0.0,0.0,-0.3187809715622377,0.0,0.0,0.0,0.0,0.0,0.0,0.0,0.0,0.0,0.0,0.0,0.0,0.0,0.0,-0.2572149720227679,0.0,0.0,0.0,0.0,0.0,0.0,0.0,0.0,0.0,-0.1801304529358798,0.0,0.0,0.40339313197139326,0.0,0.0,0.37319009228607186,0.0,0.0,0.0,0.0,0.0
0.0,-0.28503647673656646,0.0,-0.47268400513194,-0.1789517168965961,-0.06935775757041807,0.0,0.0,0.0,0.0,-0.43877837520202734,0.0,0.0,0.0,0.0,0.0,-0.1724776582141009,0.0,0.0,0.0,0.0,0.0,0.0,0.0,-0.11463203420084382,0.0,0.0,-0.21089205879507175,0.0,-0.297073438205675,0.0,0.0,0.0,0.0,0.0,0.0,0.0,0.0,0.0,0.0,0.0,0.0,0.0,0.0,0.0,0.0,0.0,0.0,0.0,0.0,0.0,0.0,0.0,0.0,0.0,0.0,0.0,0.0,0.0,0.0,0.0,0.0,0.0,0.0,0.0,0.0,0.0,0.0,0.0,0.0,-0.25199719480493893
0.0,0.0,0.0,0.0,0.0,0.0,0.28038098114923415,0.0,0.0,1.2569716748722832,0.0,0.0,0.0,0.0,0.0,0.0,0.0,0.0,0.24369881935282983,0.0,0.0,0.0,0.0,0.0,0.0,0.0,0.44067919159368996,0.0,0.5025831200062676,0.0,0.0,0.0,0.0,0.0,0.26419955645201665,0.0,0.0,0.0,0.0,0.0,0.0,0.0,0.0,0.0,0.0,0.0,0.0,0.0,0.0,0.0,0.0,0.0,0.0,0.0,0.0,0.0,0.0,0.0,0.21359352402252574,0.28277443148823816,0.0,0.2604388660016699,0.0,0.25338444645150476,0.0,0.0,0.0,0.0,0.0,0.0,0.0
0.0,0.0,0.0,0.0,0.0,0.0,0.0,0.0,0.0,0.23319606093296383,0.0,0.0,-0.23989696517003942,0.0,0.0,0.0,-0.22441111359010482,0.0,0.0,0.0,0.0,0.0,0.0,0.0,0.22497232242685056,0.0,0.5928041719656774,0.0,0.4221468814849093,0.0,0.0,0.0,0.0,0.0,-0.27655157990864904,0.0,0.0,0.0,0.0,0.0,0.0,0.0,0.0,0.0,0.0,0.0,0.0,0.0,0.0,0.0,0.0,0.0,0.0,0.0,0.0,0.0,0.0,0.0,0.0,0.36060532265652906,0.0,0.0,0.0,0.0,0.0,-0.2229836089433197,0.0,-0.43979946957588584,0.0,0.0,0.0
1.1870034759360144,0.0,0.0,-0.7623654301945136,0.48085667389283365,0.0,0.0,0.0,0.0,0.05071505891840711,0.0,0.0,0.0,0.0,0.0,0.0,0.0,0.0,0.16368081720386898,0.0,0.0,0.0,0.0,0.0,0.0,0.0,0.0,0.0,0.0,0.0,0.0,0.0,0.0,0.0,0.31518559555033415,0.0,0.0,0.0,0.0,0.0,0.0,0.0,0.0,0.0,0.0,0.0,0.0,0.0,0.0,0.0,0.0,0.0,0.0,0.0,0.0,0.0,0.15592466534418684,0.10764096251647827,0.13779911173288692,0.0,0.0,0.0,0.0,0.0,0.0,0.0,0.0,0.17187290290187213,0.0,0.0,0.0
-2.824663583489002,-0.44228153974433754,0.0,-0.6876951173105134,-0.2742978380851991,0.0,-0.31043071728669724,0.0,0.0,0.0,-0.6976179296819423,0.0,0.0,0.0,0.0,0.0,-0.23277424951296055,0.0,0.0,0.0,0.0,0.0,0.0,0.0,0.0,0.0,0.0,0.0,0.0,0.0,0.0,0.0,-0.38368751634854864,0.0,0.0,0.0,0.0,0.0,0.0,0.0,0.0,-0.4736018543680905,0.0,0.0,0.0,0.0,0.0,0.0,0.0,0.0,0.0,0.0,0.0,0.0,0.0,0.0,0.0,0.0,0.0,0.0,-0.30901448247971414,0.0,0.0,0.0,0.0,0.0,0.0,0.0,0.0,0.0,0.0
-0.8407624731094892,0.0,0.0,0.0,0.0,0.0,0.0,0.0,0.0,0.0,0.4228159224982189,0.0,0.0,0.0,0.0,0.0,0.0,0.0,0.0,0.0,0.0,0.0,0.0,0.0,0.0,0.0,0.5224745021436958,0.0,0.0,0.0,0.0,0.0,0.0,0.0,0.0,0.0,0.0,0.0,0.0,0.0,0.0,0.0,0.0,0.0,0.0,0.0,0.0,0.0,0.0,0.0,0.0,0.0,0.0,0.0,-0.8176656789803234,0.0,0.0,0.46413832601659255,0.42647020336760944,0.31315218190175537,0.0,0.6119601344143283,0.0,0.0,0.0,0.3310064188888913,0.0,0.3930760422665578,0.0,0.0,0.0
-4.333463674975248,0.0,0.0,0.0,0.0,0.0,0.0,0.0,0.0,0.24389679015892665,0.24026068810967058,0.0,0.0,0.0,0.0,0.0,0.3104213954924258,0.0,0.0,0.0,0.0,0.0,0.0,0.0,0.0,0.0,0.4682140630019448,0.0,0.11677979179299099,0.0,0.0,0.0,0.0,0.0,0.0,0.0,0.0,0.0,0.0,0.0,0.0,0.12422901728878522,0.0,0.0,0.0,0.0,0.0,0.0,0.0,0.0,0.0,0.0,0.0,0.0,0.0,0.0,0.0,0.0,0.0,0.28699797047008047,0.0,0.0,0.19195565029713357,0.0,0.0,-0.6335792524876617,0.0,0.0,0.0,0.0,0.0
1.6993973769353519,0.0,0.0,0.0,0.0,0.0,0.0,0.0,0.0,0.0,0.0,0.0,0.0,0.0,0.0,0.0,0.2690004876626942,0.0,0.25075050172728847,0.0,0.0,0.0,0.0,0.0,0.0,0.0,0.21613506650699968,0.0,0.3270434418661148,-0.4155235332740359,0.0,0.0,0.0,0.0,0.0,0.0,0.0,0.0,0.0,0.0,0.0,0.0,0.0,0.0,0.0,-0.3790398610777049,0.0,0.0,0.0,0.0,0.0,0.0,0.0,0.0,0.0,0.0,0.0,-0.39662598231428786,0.0,0.0,0.0,0.2056425130526833,0.36591797799070264,0.0,0.0,0.0,0.0,0.0,0.0,0.0,0.0
-0.9871347505065142,-0.43469128209909663,0.0,-0.6033748230968122,0.0,0.0,0.0,0.0,0.0,0.0,-0.739004071183421,0.0,0.0,0.0,0.0,0.0,0.0,0.0,0.0,0.0,0.0,0.0,0.0,0.0,0.0,0.0,0.0,0.0,0.0,0.0,0.0,0.0,-0.47556822271226784,0.0,-0.36827088048260187,0.0,0.0,0.0,0.0,0.0,0.0,-0.32646204849106547,0.0,0.0,0.0,0.0,0.0,0.0,0.0,0.0,0.0,0.0,0.0,0.0,-0.2960648078395206,0.0,0.0,-0.29601208178876437,0.0,0.0,-0.30652241796827034,0.0,0.0,0.0,0.0,0.0,0.0,0.0,0.0,0.0,0.0
1.1156950930852145,0.0,0.0,0.0,0.0,0.0,0.0,0.0,0.0,-0.3580408988878309,0.0,0.0,0.0,0.0,0.0,0.0,-0.21998515084124579,0.0,0.0,0.0,0.0,0.0,0.0,0.0,-0.19768130420074828,0.0,0.0,0.0,0.0,-0.18549616841807165,0.0,0.0,0.0,0.0,0.5196027096807598,0.0,0.0,0.0,0.0,0.0,0.0,0.0,0.0,0.0,0.0,0.0,0.0,0.0,0.0,0.0,0.0,0.0,0.0,0.0,-0.18929016827017986,0.0,0.0,0.3699744866796275,0.0,0.0,0.0,0.0,-0.24970896463194817,0.0,0.0,0.0,0.0,0.0,0.0,0.0,-0.34096127524672404
0.5645090151265245,0.0,0.0,0.0,0.0,0.0,0.0,0.0,0.0,0.0,0.0,0.0,0.0,0.0,0.0,0.0,0.18939868892295916,0.0,0.1921499070459731,0.0,0.0,0.0,0.0,0.0,0.0,0.0,0.27488501020681766,0.0,0.2921511096336799,-0.4945688959892174,0.0,0.0,0.0,0.0,0.0,0.0,0.0,0.0,0.0,0.0,0.0,0.0,0.0,0.0,0.0,0.0,0.0,0.0,0.0,0.0,0.0,0.0,0.0,0.0,0.0,0.0,0.0,-0.5011744713224784,0.0,0.0,0.0,0.12374632260526629,0.41262351181557855,0.0,0.0,0.0,0.0,0.20748517628460922,0.0,0.0,0.0
-1.6204594226363975,0.0,0.0,-0.20365175908407301,0.0,0.0,0.0,0.0,0.0,-0.2982491021648014,0.0,0.0,0.0,0.0,0.0,0.0,0.0,0.0,0.0,0.0,0.0,0.0,0.0,0.0,0.0,0.0,0.40825537513244603,-0.41422317283498905,-0.3043990027631059,-0.2361589771489592,0.0,0.0,0.0,0.0,0.0,0.0,0.0,0.0,0.0,0.0,0.0,0.0,0.0,0.0,0.0,-0.18687672103604566,0.0,0.0,0.0,0.0,0.0,0.0,0.0,0.0,-0.31096986434526697,0.0,0.0,0.0,0.0,0.0,0.0,0.0,0.0,0.0,0.0,0.48003915646481154,0.0,0.0,0.0,0.0,0.0
2.0876470433127556,0.0,0.0,0.0,0.0,-0.35928605197598507,-0.24824692909592885,0.0,0.0,0.0,-0.4804354050825482,0.0,0.0,0.0,0.0,0.0,0.0,0.0,0.0,0.0,0.0,0.0,0.0,0.0,0.0,0.0,-0.5151090726754324,0.0,0.0,-0.24336347508560816,0.0,0.0,-0.6895810232983495,0.0,0.0,0.0,-0.5473863333069869,0.0,0.0,0.0,0.0,0.0,0.0,0.0,0.0,-0.25879146167698647,0.0,0.0,0.0,0.0,0.0,0.0,0.0,0.0,0.0,0.0,0.0,0.0,0.0,0.0,0.0,0.0,0.0,0.0,0.0,0.6936812857294306,0.0,0.0,0.0,0.0,0.0
1.4384566884333951,0.0,0.0,-0.6285251173810695,-0.2595878099295801,0.0,-0.46634485440984563,0.0,0.0,0.0,0.0,0.0,0.0,0.0,0.0,0.0,0.0,0.0,0.0,0.0,0.0,0.0,0.0,0.0,-0.22935234685714556,0.0,0.0,0.0,0.0,0.0,0.0,0.0,0.0,0.0,0.0,0.0,0.0,0.0,0.0,0.0,0.0,0.0,0.0,0.0,0.0,0.0,0.0,0.0,0.0,-0.3934588870405936,0.0,0.0,0.0,0.0,-0.2765569240357317,0.0,-0.2672275753956402,0.0,0.0,-0.19912767946564464,0.0,0.0,0.0,0.0,0.0,-0.6236808373618694,0.0,0.0,0.0,0.0,0.0
-7.027184329620585,0.0,0.0,-0.6807019029406404,-0.5418340696682606,-0.1613700570970424,-0.15772379085462399,0.0,0.0,0.0,0.0,0.0,0.0,0.0,0.0,0.0,0.0,0.0,0.0,0.0,0.0,0.0,0.0,0.0,0.0,0.0,0.0,0.0,0.0,0.0,0.0,0.0,-0.0917735859280967,0.0,0.0,0.0,-0.21861004212798527,0.0,0.0,0.0,0.0,0.0,0.0,0.0,0.0,0.0,0.0,0.0,0.0,0.0,0.0,0.0,0.0,0.0,0.0,0.0,-0.09680539517325215,-0.09820054812569849,0.0,0.0,0.0,0.0,0.0,0.0,0.0,-0.15860373677570588,0.0,0.0,0.0,0.0,0.0
0.0,0.0,0.0,0.0,0.0,0.0,0.0,0.0,0.0,0.33041263531227383,0.0,0.0,-0.19574019603395285,0.0,0.0,0.0,0.0,0.0,0.0,0.0,0.0,0.0,0.0,0.0,0.0,0.2637370857153759,0.0,0.0,0.5063945460501472,-0.25684989824556526,0.0,0.0,0.0,0.0,0.48292181397116607,0.0,0.0,0.0,0.0,0.0,0.0,-0.20409851908193535,0.0,0.0,0.0,-0.4311831312984562,0.0,0.0,0.0,-0.38405242493529135,0.0,0.0,0.0,0.0,0.0,0.0,0.0,-0.3197502944482683,0.0,0.0,0.0,0.0,0.0,0.0,0.0,0.0,0.0,0.0,0.0,0.0,0.0
1.674988829266883,0.0,0.0,0.0,0.0,0.0,0.0,0.0,0.0,0.0,-0.21712916882630484,0.0,0.0,0.0,0.0,0.0,0.0,0.0,0.0,0.0,0.0,0.0,0.0,0.0,-0.3203036450560601,0.0,0.32334591696493453,0.0,0.0,0.0,0.0,0.0,0.0,0.0,0.7049637764467996,0.0,0.0,0.0,-0.4159664519108877,0.0,0.0,0.0,0.0,0.0,0.0,-0.40580924408315905,0.0,0.0,0.0,0.0,0.0,0.0,0.0,0.0,0.0,0.0,0.0,0.0,0.0,0.2345448811889067,0.0,0.0,-0.37484780961922914,0.0,0.0,0.41142601090509523,0.0,0.0,0.0,0.0,0.0
0.0,0.0,0.0,0.0,0.0,0.0,0.0,0.0,0.0,0.0,0.0,0.0,0.0,0.0,0.0,0.21828247299639805,0.0,0.0,0.5153798243599935,0.0,0.0,0.17051496577758707,0.0,0.0,0.0,0.0,0.5900748343653781,0.0,0.2443510027584846,0.0,0.0,0.0,0.0,0.0,0.0,0.0,0.0,0.0,0.0,0.0,0.0,0.0,0.0,0.0,0.0,0.0,0.0,0.21441022313915792,0.0,0.0,0.0,0.0,0.0,0.0,0.0,0.30736754314597214,0.0,0.27429391698655964,0.0,0.36168285005911743,0.0,0.0,0.9906946035340333,0.0,0.0,0.0,0.0,0.0,0.0,0.0,0.0
0.3532407324807533,0.0,0.0,0.20074784508984322,0.0,0.0,0.3624640952086531,0.0,0.0,0.8847945236855433,0.5787293167446832,0.0,0.0,0.0,0.0,0.0,0.0,0.0,0.0,0.0,0.0,0.0,0.0,0.0,0.0,0.0,0.717161971693035,0.0,0.5566632261335319,0.0,0.0,0.0,0.3122236685708396,0.0,0.0,0.0,0.0,0.0,0.0,0.0,0.0,0.0,0.0,0.0,0.0,0.0,0.0,0.0,0.0,0.0,0.0,0.0,0.0,0.0,0.0,0.0,0.0,0.0,0.29001598716253374,0.46107373656420286,0.0,0.0,0.0,0.0,0.0,0.0,0.0,0.0,0.0,0.0,0.0
0.0,0.0,0.0,-0.5620734938499571,0.0,-0.43244734620493075,0.0,0.0,0.0,-0.4630439830798014,0.0,0.0,0.0,0.0,0.0,-0.4408961639613923,0.0,0.0,0.0,0.0,0.0,0.0,0.0,0.0,0.0,0.0,-0.958930432267416,0.0,0.0,0.0,0.0,-0.7929057929607471,0.0,0.0,0.0,0.0,-0.40350418958662854,0.0,0.0,0.0,0.0,0.0,0.0,0.0,0.0,0.0,0.0,-0.41383872895250157,0.0,0.0,0.0,0.0,0.0,0.0,0.0,0.0,0.0,0.0,0.0,-0.3655000395804525,-0.3605532894549759,0.0,0.0,0.0,0.0,0.0,0.0,0.0,0.0,0.0,0.0
-1.9513914664393985,0.0,0.0,0.0,0.0,0.0,0.0,0.0,0.0,0.6582958666979952,0.0,0.0,0.0,0.0,0.0,0.0,0.0,0.0,0.3689109904234249,0.0,0.0,0.0,0.0,0.0,0.0,0.0,0.5310318767573902,0.0,0.0,0.0,0.0,0.0,0.0,0.0,0.4388045775314065,0.0,0.0,0.0,0.0,0.0,0.0,0.0,0.0,0.0,0.0,0.0,0.0,0.0,0.0,0.0,0.19513352164964215,0.0,0.0,0.0,0.0,0.36815355208764555,0.0,0.0,0.0,0.3243699475027626,0.0,0.28181211258179556,0.0,0.0,0.0,0.0,0.0,0.36960887063470477,0.0,0.0,0.0
0.0,0.0,0.0,0.0,0.0,0.0,0.0,0.0,0.0,0.46275760087396567,0.0,0.0,0.0,0.0,0.0,0.0,0.0,0.0,0.11259266534869306,0.0,0.0,0.13218878434528672,0.0,0.0,0.0,0.0,0.5769813399379634,0.0,0.371125818803959,0.0,0.0,0.0,0.0,0.0,0.0,0.0,0.0,0.0,0.0,0.0,0.0,0.0,0.0,0.0,0.0,0.0,0.0,0.0,0.0,0.0,0.0,0.0,0.0,0.0,0.0,0.0,0.0,0.0,0.1316303900572888,0.29777191494660354,0.0,0.0,0.24243664557478048,0.0,0.0,-0.7776679217557215,0.15001728658751848,0.0,0.0,0.0,0.0
-2.926857951999784,0.0,0.0,0.0,0.0,0.0,0.0,0.0,0.0,0.3222010248490694,0.0,0.0,0.0,0.0,0.0,0.0,0.0,0.0,0.41225206670528197,0.0,0.0,0.0,0.0,0.0,0.0,0.0,0.0,0.0,0.34834924692392066,0.0,0.0,0.0,0.0,0.0,0.32651569993540863,0.0,0.0,0.0,0.0,0.0,0.0,-0.4475611130783176,0.0,0.0,0.0,0.0,0.0,0.0,0.0,-0.34513558716190107,0.0,0.0,0.0,0.0,0.0,0.0,0.0,0.0,0.0,0.0,0.0,0.2831230483700948,-0.33874834229938106,0.0,0.0,0.0,0.0,0.21868295896520396,0.0,0.0,0.0
2.735593037753032,0.0,0.0,0.2994570009743027,0.0,0.0,0.0,0.0,0.0,0.7400513053105396,0.5548360402085698,0.0,0.0,0.29851276604481797,0.0,0.0,0.0,0.0,0.0,0.0,0.0,0.0,0.0,0.0,0.0,0.0,0.5370148674052395,0.0,0.3597807278893962,0.0,0.0,0.0,0.0,0.0,0.0,0.0,0.0,0.0,0.0,0.0,0.0,0.0,0.0,0.0,0.0,0.0,0.0,0.0,0.0,0.0,0.0,0.0,0.0,0.0,0.0,0.0,0.0,0.0,0.38457992879538666,0.3812754633208453,0.0,0.0,0.2805710029850035,0.0,0.0,0.0,0.0,0.0,0.0,0.0,0.0
-1.7233267576202442,0.0,0.0,-0.3507858502027786,0.0,0.0,0.0,0.0,0.0,0.0,0.0,0.0,0.0,0.0,0.0,0.0,0.0,0.0,0.0,0.0,0.0,0.0,0.0,0.0,0.0,0.0,0.0,0.0,0.46407252887327444,-0.16871887506084532,0.0,0.0,0.0,0.0,0.5733385033685148,0.0,0.0,0.0,0.0,0.0,0.0,-0.19548806476313887,0.0,0.0,0.0,-0.30846451882943815,0.0,0.0,0.0,-0.29198613415089936,0.0,0.0,0.0,0.0,0.0,0.0,0.0,-0.1416237279364979,0.0,-0.14414585105233568,0.0,0.0,0.0,0.0,0.0,0.0,0.0,0.0,0.0,0.0,0.0
1.260330735778218,0.0,0.0,0.0,-0.23896652018878808,0.0,0.0,0.0,0.0,0.0,-0.28002061763605174,0.0,-0.21816988623681352,0.0,0.0,0.0,0.0,0.0,0.0,0.0,0.0,0.0,0.0,0.0,0.0,0.0,0.5609890928713633,0.0,0.0,0.0,0.0,0.0,0.0,0.0,0.0,0.0,0.0,0.0,0.0,0.0,0.0,0.0,0.0,0.0,0.0,0.0,0.0,0.0,-0.1434776108356229,0.0,0.0,0.0,0.0,0.0,0.0,0.0,0.0,-0.39300499898978997,-0.16960129049848724,0.0,0.0,0.0,0.0,0.0,0.0,-0.3303828770996573,0.0,0.0,0.0,-0.25994798926043944,0.0
-6.2256133230615145,0.0,0.0,0.0,-0.6290002850883684,-0.2909738582821291,0.0,0.0,0.0,-0.8404776934888328,0.0,0.0,0.0,0.0,0.0,-0.4593190685775868,0.0,0.0,0.0,0.0,0.0,0.0,0.0,0.0,-0.33850932040856974,0.0,0.0,0.0,-0.4098798066448262,0.0,0.0,0.0,0.0,0.0,0.0,0.0,0.0,0.0,0.0,0.0,0.0,0.0,0.0,0.0,0.0,0.0,-0.3663738837944982,0.0,0.0,0.0,0.0,0.0,0.0,0.0,0.0,0.0,0.0,0.0,0.0,0.0,-0.28658369717047627,0.0,0.0,-0.39584023944645536,0.0,0.0,0.0,0.0,0.0,0.0,0.0
0.17171400114605687,0.0,0.0,0.0,0.0,0.0,0.0,0.0,0.0,0.40444650145011446,0.0,0.0,0.0,0.0,0.0,0.0,0.0,0.0,0.11491095182020443,0.0,0.0,0.0,0.0,0.0,0.0,0.0,0.35793213644977573,0.0,0.0,0.15416001949265845,0.0,0.0,0.19321489896392685,0.0,0.0,0.0,0.0,0.0,0.0,0.0,0.0,0.0,0.09276239123075736,0.0,0.0,0.0,0.0,0.0,0.0,0.0,0.0,0.0,0.0,0.0,0.0,0.0,0.0,0.0,0.19387648186609807,0.0,0.0,0.2163136896949504,0.0,0.12454291183431025,0.0,0.0,0.0,0.0,0.0,0.0,0.0
0.4186789843197861,0.0,0.0,0.0,0.0,0.0,0.2425053339378197,0.0,0.0,0.17513003750985368,0.6317741457671332,0.0,0.0,0.0,0.0,0.0,0.0,0.0,0.0,0.0,0.0,0.0,0.0,0.0,0.3444382424320302,0.0,0.519077131274864,0.0,0.3435241381822353,0.0,0.0,0.0,0.0,0.0,0.0,0.0,0.0,0.0,0.0,0.0,0.0,0.0,0.0,0.0,0.0,0.0,0.0,0.0,0.0,0.0,0.0,0.0,0.0,0.0,0.0,0.0,0.0,0.0,0.18015483075126315,0.292848972030612,0.0,0.0,0.21003553322177107,0.0,0.0,0.0,0.0,0.0,0.0,0.0,0.0
0.0,-0.8713563617921316,0.0,0.0,0.0,0.0,0.0,0.0,0.0,0.0,-1.051365060971614,0.0,0.0,0.0,0.0,0.0,0.1341293093254008,0.0,0.5908313912609887,0.0,0.6166413206595556,0.0,0.0,0.0,0.0,0.17575774054014565,0.0,0.0,0.0,0.3810268488051678,0.0,0.0,0.29773815834809164,0.0,0.0,0.2227409299931589,0.0,0.0,0.0,0.0,0.0,0.0,0.0,0.0,0.0,0.0,0.0,0.0,0.0,0.0,0.0,0.0,0.0,0.0,0.5314337788250114,0.0,0.0,0.0,0.0,0.0,0.0,0.0,0.0,0.0,0.0,0.0,0.0,0.0,0.0,0.0,0.0
3.1854474201864877,0.0,0.0,0.0,0.0,-0.1638133774149693,0.0,0.0,0.0,0.0,0.0,0.0,0.0,0.0,0.0,-0.27485797227170644,0.0,0.0,-0.31865607041125454,0.0,0.0,0.0,0.0,0.0,0.0,0.0,-0.6418510761607849,0.0,0.0,-0.21731110582617488,0.0,-0.36279894475102364,0.0,0.0,-0.19165778804046274,0.0,0.0,0.0,0.0,0.0,0.0,0.0,0.0,0.0,0.0,0.0,0.0,0.0,0.0,0.0,0.0,0.0,0.0,0.0,0.0,0.0,0.0,0.0,0.0,-0.1918699890884611,-0.24462274337631254,0.0,0.0,0.0,0.0,0.0,0.0,0.0,0.0,0.0,0.0
2.4123088316552934,0.0,0.0,0.0,1.0626986333012693,0.0,0.0,0.0,0.0,0.0,0.0,-0.5121754680693681,0.0,0.0,0.0,0.0,-0.45912230144421795,0.0,0.4474281641332056,0.0,0.0,0.0,0.0,0.0,0.0,0.0,0.0,0.0,0.0,0.0,0.0,0.0,0.0,0.0,0.2369397757248842,0.0,0.0,0.0,0.0,0.0,0.0,0.0,0.0,0.0,0.0,0.0,0.0,0.0,0.0,-0.43513323173590823,0.0,0.0,0.0,0.0,0.0,0.0,0.0,0.3529970243805762,0.0,0.0,0.0,0.35668938034666847,0.0,0.0,0.0,0.0,0.0,0.19597446838105942,0.0,0.0,0.0
0.26531525101433895,0.0,0.0,0.12423459455693599,0.0,0.0,0.0,0.0,0.0,0.398197559634256,0.0,0.13839954105814908,0.0,0.0,0.0,0.0,0.0,0.0,0.0,0.0,0.0,0.0,0.0,0.0,0.0,0.0,0.5081811606872085,0.0,0.0,0.0,0.0,0.0,0.0,0.43624083812967285,0.0,0.0,0.0,0.0,0.0,0.10809816166654507,0.0,0.0,0.0,0.0,0.0,0.0,0.0,0.0,0.0,0.0,0.0,0.0,0.0,0.0,0.0,0.0,0.0,0.27781938664427047,0.35074547014706386,0.30796511001002197,0.0,0.0,0.0,0.0,0.0,0.0,0.0,0.0,0.0,0.0,0.0
-7.889775658306734,0.0,0.0,-0.8456501161030414,0.0,0.0,0.0,0.0,0.0,0.5559399131682932,0.4969902797564945,0.0,0.0,0.0,0.0,0.0,0.0,0.0,0.0,0.0,0.0,0.0,0.0,0.0,0.22035613424389086,0.0,0.37098042376966744,0.0,0.22717474027228501,0.0,0.0,0.0,0.0,0.0,0.0,0.0,0.0,0.0,0.0,0.0,0.0,0.0,0.0,0.0,0.0,0.0,0.0,0.0,0.0,0.0,0.0,0.0,0.0,0.0,0.0,0.0,0.0,0.0,0.0,0.25486823043548656,0.0,0.0,0.0,0.2032818844788764,0.0,0.0,0.0,0.2278687052121501,0.0,0.0,0.0
1.758498603454162,0.0,0.0,0.560194885079357,0.0,0.0,0.0,0.0,0.0,0.7318062028255099,1.0550183310509962,0.0,0.0,1.0006143497995965,0.0,0.0,0.0,0.0,0.0,0.0,0.0,0.0,0.0,0.0,0.0,0.4087546378172851,0.35188309551318575,0.0,0.0,0.3116545123594706,0.0,0.0,0.4659998013154988,0.0,0.0,0.0,0.0,0.0,0.0,0.0,0.0,0.0,0.0,0.0,0.0,0.0,0.0,0.0,0.0,0.0,0.0,0.0,0.0,0.0,0.0,0.0,0.0,0.0,0.0,0.0,0.0,0.0,0.0,0.0,0.0,0.0,0.0,0.31407709769277564,0.0,0.0,0.0
-7.440979785479344,-0.3216333569906062,0.0,-0.3961834713289956,-0.1789148148478065,0.0,0.0,0.0,0.0,0.4537213693367219,-0.5399808089378239,0.0,0.0,0.0,0.0,0.0,-0.16292683124855092,0.0,0.3200460648075314,0.0,0.0,0.0,0.0,0.0,0.0,0.0,0.0,0.0,0.0,0.0,0.0,0.0,0.0,0.0,0.0,0.0,0.0,0.0,0.0,0.0,0.0,-0.13657664793596525,0.0,0.0,0.0,0.0,0.0,0.0,0.0,0.0,0.0,0.0,0.0,0.0,0.0,0.0,0.0,0.0,0.0,0.0,0.0,0.0,0.0,0.0,0.0,-0.1437006936313835,0.0,0.0,0.0,0.0,0.0
-3.489375433156738,0.0,0.0,0.0,0.0,0.0,0.0,0.0,0.0,0.4796383065112703,0.4472883353094789,0.0,0.0,0.0,0.0,0.0,0.0,0.0,0.0,0.0,0.0,0.35972561740506354,0.0,0.0,0.0,0.0,0.7250683942986357,0.0,0.4390502285549153,0.0,0.0,0.0,0.0,0.0,0.0,0.0,0.0,0.0,0.0,0.0,0.0,0.46698910005190464,0.0,0.0,0.0,0.0,0.0,0.0,0.0,0.0,0.0,0.0,0.0,0.0,0.0,0.0,0.0,0.0,0.0,0.0,0.0,0.0,0.48189749282788624,0.0,0.5783019191919151,0.0,0.474273940190849,0.0,0.0,0.0,0.0
0.0,0.0,0.0,0.0,0.0,0.0,0.0,0.0,0.0,0.0,0.7052421014856182,0.0,0.0,0.0,0.0,0.0,0.46542079194800895,0.0,0.0,0.0,0.0,0.206442122159344,0.0,0.0,0.0,0.0,0.4994376898403488,0.0,0.47809061177669826,0.0,0.0,0.0,0.0,0.0,0.0,0.0,0.0,0.0,0.0,0.0,0.0,0.0,0.0,0.0,0.0,0.0,0.0,0.0,0.0,0.0,0.0,0.0,0.0,0.0,0.3440226034648822,0.45913819511813203,0.0,0.0,0.0,0.38401587729319686,0.0,0.0,0.0,0.0,0.0,0.5411039506888075,0.0,0.3064271117070195,0.0,0.0,0.0
1.1822772412428983,0.0,0.0,0.0,0.4929623494678193,0.0,0.4272496272501699,0.0,0.3544031222885548,0.0,0.0,0.0,0.0,0.0,0.0,0.0,0.0,0.0,0.45721820320110645,0.0,0.0,0.0,0.0,0.0,0.0,0.0,0.7622029547084596,0.0,0.0,0.0,0.0,0.0,0.4307055812819572,0.0,0.0,0.0,0.0,0.0,0.0,0.0,0.0,0.0,0.0,0.0,0.0,0.0,0.0,0.0,0.0,0.0,0.0,0.0,0.0,0.0,0.0,0.0,0.0,0.0,0.8895264058964995,0.47459261251334944,0.0,0.0,0.0,0.0,0.0,0.0,0.34792097520936593,0.0,0.0,0.0,0.0
0.33631547260409694,0.0,0.0,0.0,0.0,0.0,0.0,0.0,0.0,0.0,0.4313492637094418,0.0,0.0,0.0,0.0,0.0,0.0,0.0,-0.5106023802106027,0.0,0.0,0.0,0.0,0.0,0.3214063309331334,0.0,0.46319142700512717,0.0,0.328424999433629,0.0,0.0,0.0,0.0,0.0,-0.43213421505781596,-0.49436998030469326,0.0,0.0,0.0,0.0,0.0,0.0,0.0,0.0,0.0,-0.4368021429883553,0.0,0.0,0.0,0.0,0.0,0.0,0.0,0.0,0.0,0.0,0.0,0.0,0.0,0.22692263192059517,0.0,0.0,0.0,0.0,0.0,0.0,0.0,0.0,0.0,0.0,0.0
-8.281422589436765,0.0,0.0,0.0,0.0,0.0,0.0,0.0,0.12465542761602744,0.0,0.5498882209212991,0.0,0.0,0.0,0.0,0.0,0.40218220397879,0.0,0.0,0.0,0.0,0.0,0.0,0.0,0.28591556376028365,0.0,0.4769590656228168,0.0,0.0,0.0,0.0,0.0,0.0,0.0,0.0,0.0,0.0,0.0,0.0,0.0,0.0,0.0,0.0,0.0,0.0,0.0,0.0,0.0,0.0,0.0,0.0,0.0,0.0,0.0,0.0,0.0,0.0,0.0,0.11747210752395443,0.2548361766615935,0.0,0.21157709315179252,0.0,0.0,0.0,0.0,0.0,0.17587428226429458,0.0,0.0,0.0
0.0,0.0,0.0,0.0,0.32201474323423174,0.0,0.0,0.0,0.0,0.6931184934218594,0.0,0.0,0.0,0.0,0.0,0.0,0.09164119419800398,0.0,0.31355712911101297,0.0,0.0,0.0,0.0,0.0,0.0,0.0,0.0,0.0,0.11598351048833887,0.0,0.0,0.0,0.12118697957979735,0.0,0.23194603348829404,0.0,0.0,0.0,0.0,0.0,0.0,0.0,0.0,0.0,0.0,0.0,0.0,0.0,0.0,0.0,0.0,0.0,0.0,0.0,0.0,0.13007885106931463,0.0,0.0,0.0,0.0,0.0,0.0,0.0,0.11720814537125,0.0,0.0,0.0,0.10302788103753156,0.0,0.0,0.0
-0.40084278573130594,-0.4719243412137368,0.0,0.0,0.0,0.0,0.0,0.0,0.0,0.0,-0.7564593516034507,0.0,0.0,0.0,0.0,0.0,0.0,0.0,-0.14438678589508508,0.0,0.0,0.0,0.0,0.0,0.0,0.0,0.0,0.0,0.0,0.0,0.0,0.0,0.0,0.0,0.0,0.0,0.0,0.0,0.0,0.0,0.0,0.0,0.0,0.0,0.0,-0.1401441928932693,0.0,0.0,-0.062318421878215305,0.0,-0.05377354586065364,0.0,0.0,0.0,-0.32323239628735173,0.0,0.0,0.0,0.0,0.0,0.0,0.0,-0.3326380452333098,0.0,0.0,0.0,-0.3607739625651205,0.0,0.0,0.0,0.0
-0.7464009134938876,-0.46087899063745935,0.0,-0.4460826455326013,0.0,0.0,0.0,0.0,0.0,-0.6258479325713756,-0.6048304734614076,0.0,0.0,0.0,0.0,0.0,0.0,0.0,-0.4300557018174547,0.0,0.0,0.0,0.0,0.0,0.0,-0.631613449396916,-0.7685270514452968,0.0,0.0,0.0,0.0,0.0,0.0,0.0,-0.44348012826211214,0.0,0.0,0.0,0.0,0.0,0.0,0.0,0.0,0.0,0.0,0.0,0.0,0.0,0.0,0.0,0.0,0.0,0.0,0.0,0.0,0.0,0.0,0.0,0.0,-0.4052369612441593,0.0,0.0,0.0,0.0,0.0,0.0,0.0,0.0,0.0,0.0,0.0
-6.296038838760565,-0.25883759413823426,0.0,-0.1988172190622841,-0.08966943654819737,0.0,0.0,0.0,0.0,0.0,-0.414739605097467,0.0,0.0,0.0,0.0,0.0,0.0,0.0,-0.0924022243331832,0.0,0.0,0.0,0.0,0.0,0.0,0.0,0.0,0.0,0.0,0.0,0.0,0.0,0.0,0.0,-0.15624427084617115,0.0,0.0,0.0,0.0,0.0,0.0,0.0,0.0,0.0,0.0,0.0,-0.13306521263638432,0.0,0.0,0.0,0.0,0.0,0.0,0.0,0.0,0.0,0.0,0.0,0.0,0.0,0.0,0.0,0.0,0.0,0.0,-0.2449033179763438,-0.21004919631051855,0.0,0.0,0.0,0.0
-0.32575725258470056,0.0,0.0,0.0,0.0,0.0,0.0,0.0,0.0,0.47987153097262014,0.0,0.0,0.0,0.0,0.0,0.0,0.0,0.0,0.35248171007865076,0.0,0.0,0.0,0.0,0.0,0.0,0.20728637974917988,0.0,0.0,0.0,0.0,0.0,0.0,0.14877736047918802,0.0,0.294124500094712,0.0,0.0,0.0,0.0,0.0,0.0,-0.45465817453402907,0.0,0.0,0.0,0.0,0.0,0.0,0.0,0.0,0.0,0.0,0.0,0.0,0.0,0.0,0.0,-0.38326625324689667,0.0,0.0,0.0,0.13882494100245119,0.0,0.0,0.0,0.0,0.0,0.22053189330486508,0.0,0.0,0.0
-7.331378641719665,0.0,0.0,-0.8507153280772127,0.0,0.0,0.0,0.0,0.0,0.14085877128321553,0.0,0.0,0.0,0.0,0.0,0.0,0.0,0.0,0.0,0.0,0.0,0.0,0.0,0.0,0.0,0.0,0.41450260599158334,0.0,0.13764102349830853,0.0,0.0,0.0,0.18219686937974808,0.0,0.29696785069468684,0.0,0.0,0.0,0.0,0.0,0.0,0.0,0.0,0.0,0.0,0.0,0.0,0.0,0.0,0.0,0.0,0.0,0.0,0.0,0.0,0.0,0.0,0.0,0.19261915674958713,0.23355864218255895,0.0,0.0,0.3978223137511977,0.0,0.0,0.0,0.0,0.0,0.0,0.0,0.0
-5.1446713672276845,0.0,0.0,0.0,0.0,0.0,0.0,0.0,0.0,-0.6220026410945358,0.0,0.0,0.0,0.0,0.0,0.0,0.0,0.0,0.0,0.0,0.0,0.0,0.0,0.0,-0.2778877937073758,-0.38195321549132977,-0.648729755767548,0.0,0.0,0.0,0.0,0.0,0.0,0.0,0.0,0.0,-0.24967829522930882,0.0,0.0,0.0,0.0,0.0,0.0,0.0,0.0,0.0,0.0,-0.25170529447148765,0.0,0.0,0.0,0.0,0.0,0.0,0.0,0.0,0.0,-0.2589067956388309,0.0,-0.3388823936147215,0.0,0.0,0.0,-0.3362047711813711,0.0,0.0,0.0,0.0,0.0,0.0,0.0
0.0,0.0,0.0,0.0,0.0,0.0,0.3110952541946756,0.0,0.0,0.33267909463503487,0.5598895018463679,0.0,0.0,0.0,0.0,0.0,0.27610086468502715,0.0,0.0,0.0,0.0,0.0,0.0,0.0,0.38056008230152877,0.0,0.39745862312830993,0.0,0.5805547864929885,0.2465558820051623,0.0,0.0,0.0,0.0,0.0,0.0,0.0,0.0,0.0,0.0,0.0,0.0,0.0,0.0,0.0,0.0,0.0,0.0,0.0,0.0,0.0,0.0,0.0,0.0,0.0,0.0,0.0,0.0,0.0,0.4068287959335156,0.0,0.0,0.0,0.0,0.0,0.0,0.0,0.35677802133366454,0.0,0.0,0.0
0.0,0.0,0.0,-0.48764385228304036,0.0,0.0,-0.2568762844961281,0.0,0.0,-0.8498439934306024,0.0,0.0,0.0,0.0,0.0,0.0,0.0,0.0,0.0,0.0,0.0,0.0,0.0,0.0,0.0,-0.5581539735780006,-0.6498081847862692,0.0,0.0,0.0,0.0,0.0,-0.3298600862622406,0.0,0.0,0.0,0.0,0.0,0.0,0.0,0.0,-0.3489300911494763,0.0,0.0,0.0,0.0,0.0,0.0,0.0,0.0,0.0,0.0,0.0,0.0,0.0,0.0,0.0,-0.40419797278406044,0.0,-0.4392577145453425,0.0,0.0,0.0,-0.3715665275309085,0.0,0.0,0.0,0.0,0.0,0.0,0.0
-2.410498902362227,-0.3659028416802654,0.0,0.0,0.0,0.0,0.0,0.0,0.0,-0.14786227871969676,-0.5125884045884512,0.0,0.0,0.0,0.0,0.0,0.0,0.0,-0.13250218727601976,0.0,0.0,0.0,0.0,0.0,0.0,0.0,0.0,0.0,0.0,0.0,0.0,0.0,0.0,-0.0747737476133025,0.0,0.0,0.0,0.0,0.0,0.0,0.0,0.0,0.0,0.0,0.0,0.0,0.0,0.0,0.0,-0.07690177673668153,0.0,0.0,0.0,0.0,0.0,0.0,0.0,0.0,0.0,0.0,0.0,0.0,-0.12089897878641584,0.0,0.0,-0.2922978232493245,0.0,0.0,0.0,-0.07725063753876235,0.0
-2.106658466496673,0.0,0.0,-0.2473062343393022,0.0,0.0,0.0,0.0,0.0,0.0,0.0,0.0,0.0,0.0,0.0,0.0,0.3463899731647091,0.0,0.0,0.0,0.0,0.0,0.0,0.0,0.0,0.0,0.4552254889577941,0.0,0.0,0.0,-0.36144366426303437,0.0,0.0,0.0,0.0,0.0,0.0,0.0,0.0,0.0,0.0,0.0,0.0,0.0,0.0,0.0,0.0,0.0,0.0,0.0,0.0,0.0,0.0,0.0,0.0,0.28115846911050185,0.0,-0.740563663405427,0.0,0.0,0.0,0.0,0.5381272367318783,0.0,0.0,0.0,-0.32537040779078724,0.367619085287006,0.0,0.0,0.0
-0.6858361046150259,0.0,0.0,0.0,0.0,0.0,0.0,0.0,0.0,-0.26975774624269894,0.0,0.0,0.0,0.0,0.0,0.0,0.0,0.0,0.0,0.0,0.0,0.0,0.0,0.0,0.0,0.0,0.48661353661803447,0.0,0.0,-0.9320361502842867,0.0,0.0,0.0,0.0,0.0,0.0,0.0,0.0,0.0,0.0,0.0,0.0,0.0,0.0,0.0,-0.5643859049626989,0.0,0.0,0.0,0.0,0.0,0.0,0.0,0.0,0.0,0.0,0.0,0.0,0.42552899332479277,0.0,0.0,0.0,-0.5531199015894366,0.0,0.0,0.5202553326019812,-0.42095225531462277,0.48301447127804886,0.0,0.0,0.0
1.479872428352697,0.0,0.0,0.0,-0.05280704368426181,0.0,0.0,0.0,0.0,-0.13908972251191984,0.0,0.0,0.0,-0.511900211693245,0.0,0.0,0.0,0.0,0.0,0.0,0.0,0.0,0.0,0.0,0.0,0.0,0.0,0.0,-0.4587729160209244,0.0,0.0,0.0,0.0,0.0,-0.5486701416100448,-0.42779588610994307,0.0,0.0,0.0,0.0,0.0,0.0,0.0,0.0,0.0,0.0,0.0,0.0,0.0,0.0,0.0,0.0,0.0,0.0,0.0,-0.10661122144099364,0.0,0.0,0.0,0.0,0.0,-0.5672779295919403,0.0,0.0,0.0,0.0,-0.5242074049436959,0.0,0.0,0.0,0.0
-0.6286079030398362,-0.6467008956445008,0.0,0.0,0.0,0.0,0.0,0.0,0.0,-0.7540494850453646,-0.9580230888502226,0.0,0.0,0.0,0.0,0.0,0.0,0.0,0.0,0.0,0.0,0.0,0.0,0.0,-0.36751906911672616,0.0,0.0,0.0,-0.43743410338508953,0.0,0.0,0.0,0.0,-0.18010532476842325,0.0,0.0,0.0,0.0,0.0,0.0,0.0,0.0,0.0,0.0,0.0,0.0,0.0,0.0,0.0,0.0,0.0,0.0,0.0,0.0,0.0,0.0,0.0,0.0,0.0,0.0,0.0,0.0,-0.7723218784354666,-0.19663739105051548,0.0,-0.20336129138785378,0.0,0.0,0.0,0.0,0.0
0.0,0.0,0.0,0.0,0.0,0.0,0.2875907017009413,0.0,0.0,0.9533346041312765,0.5107029945854984,0.0,0.0,0.0,0.0,0.0,0.0,0.0,0.0,0.0,0.0,0.0,0.0,0.0,0.0,0.0,0.5189400755296167,0.0,0.33971951278104573,0.0,0.0,0.0,0.27806559314508633,0.0,0.0,0.0,0.0,0.0,0.0,0.0,0.0,0.0,0.0,0.221341665637516,0.0,0.0,0.0,0.0,0.0,0.0,0.0,0.0,0.0,0.0,0.0,0.0,0.0,0.0,0.3557399838576306,0.4418961418900098,0.0,0.0,0.0,0.2844160932585914,0.0,0.0,0.0,0.0,0.0,0.0,0.0
-7.5311940265374755,0.0,0.0,-0.9292079176756027,0.0,0.0,0.0,0.0,0.0,0.32235090741644956,0.6031376509141941,0.0,0.0,0.5005811395314662,0.0,0.0,0.0,0.0,0.0,0.0,0.0,0.0,0.0,0.0,0.0,0.1958713032494809,0.0,0.0,0.0,0.0,0.0,0.0,0.21782540215175583,0.0,-0.2432312834521103,0.0,0.0,0.0,0.0,0.0,0.0,0.0,0.0,0.0,0.0,0.0,0.0,0.0,0.0,-0.18244152855742085,0.0,0.0,0.0,0.0,0.0,0.0,0.0,0.0,0.0,0.0,0.0,0.0,0.0,0.0,0.0,-0.21550034131453935,0.0,0.0,0.0,0.0,0.0
0.0,-0.6107611780211,0.0,-0.20501453838203718,0.0,0.0,0.0,0.0,0.0,-0.13995635085087085,-0.7752771715222574,0.0,0.0,0.0,0.0,0.0,-0.2808869300714146,0.0,0.0,0.0,-0.199524105187163,0.0,0.0,0.0,-0.32354174952752496,0.0,0.0,0.0,0.0,-0.26851123980386254,0.0,0.0,0.0,0.0,0.0,0.0,0.0,0.0,0.0,0.0,0.0,0.0,0.0,0.0,0.0,0.0,0.0,0.0,0.0,0.0,0.0,0.0,0.0,0.0,0.0,0.0,0.0,0.0,0.0,0.0,0.0,0.0,-0.5224182363992294,0.0,0.0,0.0,0.0,0.0,0.0,-0.13936072173002323,0.0
0.0,-0.3545957614694585,0.0,-0.1658389868597697,0.0,0.0,0.0,0.0,0.0,0.0,-0.699642404948852,0.0,0.0,0.0,0.0,-0.20732559223087968,0.0,0.0,0.0,-0.06689928102812831,0.0,0.0,0.0,0.0,0.0,0.0,0.0,0.0,0.0,0.0,0.0,0.0,0.0,0.0,-0.06454992225627662,0.0,0.0,-0.048390217217040066,0.0,0.0,0.0,0.0,0.0,0.0,0.0,0.0,0.0,0.0,0.0,0.0,0.0,0.0,0.0,0.0,0.0,0.0,0.0,0.0,-0.08322488938521251,0.0,-0.1634163221155379,0.0,-0.13291997618647616,0.0,0.0,0.0,0.0,0.0,0.0,0.0,0.0
-7.264723355349264,0.0,0.0,-0.7637087843688884,0.0,0.0,0.0,0.12591414462708617,0.0,0.2548447641037638,0.0,0.0,0.0,0.0,0.0,0.0,0.0,0.0,0.0,0.0,0.0,0.0,0.0,0.0,0.0,0.0,0.4581567566055772,0.0,0.23139577727408933,0.0,0.0,0.0,0.0,0.0,0.0,0.0,0.0,0.0,0.0,0.16726391840717494,0.0,0.0,0.0,0.0,0.0,0.0,0.0,0.0,0.0,0.0,0.0,0.0,0.0,0.0,0.0,0.0,0.0,0.0,0.0,0.18707922994029894,0.0,0.0,0.41375735505092887,0.0,0.0,-0.308015536087031,0.0,0.0,0.0,0.0,0.0
0.572392332164878,0.0,0.0,0.0,0.0,0.0,0.0,0.0,0.0,1.151216740486634,0.0,0.5188773914304585,0.0,0.0,0.0,0.0,0.0,0.0,0.5098540584771856,0.0,0.0,0.0,0.0,0.0,0.0,0.0,0.8203585967062612,0.0,0.0,0.0,0.0,0.0,0.0,0.0,0.7081262504262024,0.0,0.0,0.0,0.0,0.0,0.0,0.0,0.0,0.0,0.0,0.5251016492076179,0.0,0.0,0.0,0.0,0.0,0.0,0.0,0.0,0.0,0.0,0.0,0.6067757468442755,0.0,0.5013382848922823,0.0,0.0,0.0,0.0,0.0,0.0,0.0,0.7540284899536825,0.0,0.0,0.0
-7.975351174263977,0.0,0.0,0.0,0.0,0.10151148371208407,0.0,0.0,0.0,0.41469091367069816,0.0,0.10596636876764436,0.0,0.0,0.0,0.0,0.0,0.0,0.30180249826450783,0.0,0.0,0.0,0.0,0.0,0.0,0.0,0.39412656175841887,0.0,0.22358181119230774,0.0,0.0,0.0,0.0,0.0,0.2807953574963049,0.0,0.0,0.0,0.0,0.0,0.0,0.0,0.0,0.0,0.0,0.0,0.0,0.0,0.0,0.0,0.0,0.0,0.0,0.0,0.0,0.0,0.0,0.0,0.0,0.25413926126164854,0.0,0.0,0.0,0.0,0.0,0.0,0.0,0.28707470824155934,0.0,0.0,0.0
0.8663401768417177,0.0,0.0,0.25268403599376915,0.0,0.0,0.0,0.0,0.0,0.3411521912962431,0.5787821848217146,0.0,0.0,0.0,0.0,0.0,0.0,0.0,0.0,0.0,0.0,0.0,0.0,0.0,0.11716400918958941,0.16149818152610715,0.07016568442801348,0.0,0.0,0.0,0.0,0.0,0.19304276936780265,0.0,0.0,0.0,0.0,0.0,0.0,0.0,0.0,0.0,0.0,0.0,0.0,0.0,0.0,0.0,0.0,0.0,0.0,0.0,0.0,0.0,0.0,0.0,0.0,0.0,0.06675524601323322,0.0,0.0,0.0,0.0,0.0,0.0,0.0,0.0,0.0,0.050842421951131644,0.0,0.0
-1.4796137184448295,-0.2377099342812851,0.0,0.0,0.5713506058783494,0.0,0.0,0.0,0.0,0.0,-0.3959285711306299,0.0,0.0,0.8646274762236486,0.0,0.0,0.0,0.0,0.0,0.0,0.0,0.0,0.0,0.0,0.0,0.0,-0.16495584883087375,0.0,0.0,0.0,0.0,0.0,0.0,0.0,-0.4621554420704095,0.0,-0.2865991356884609,0.0,0.0,0.0,0.0,0.0,-0.5645585346858983,0.0,0.0,0.0,0.0,0.0,0.0,0.0,0.0,0.0,0.0,0.0,0.0,0.0,0.0,0.0,0.0,0.0,0.0,0.0,0.0,0.0,0.0,0.0,0.0,0.0,0.0,0.3750271333659607,0.0
0.0,0.0,0.0,-0.38660966222166104,0.0,0.0,-0.2739355966173617,0.0,0.0,-0.8316742648867166,0.0,0.0,0.0,0.0,0.0,0.0,0.0,0.0,0.0,0.0,0.0,0.0,0.0,0.0,0.0,-0.43414002335315377,-0.5794385363874703,0.0,0.0,0.0,0.0,0.0,-0.23393819957013254,0.0,0.0,0.0,0.0,0.0,0.0,0.0,0.0,-0.2436658062543149,0.0,0.0,0.0,0.0,0.0,-0.22750623528332006,0.0,0.0,0.0,0.0,0.0,0.0,0.0,0.0,0.0,-0.3903004701471376,0.0,-0.3698760988933555,0.0,0.0,0.0,0.0,0.0,0.0,0.0,0.0,0.0,0.0,0.0
-3.0747168516771985,0.0,0.0,0.0,0.0,0.0,0.0,0.0,0.0,0.5711518887801937,0.6624426531232805,0.0,0.0,0.0,0.0,0.0,0.0,0.0,0.0,0.0,0.0,0.0,0.0,0.0,0.0,0.0,0.8414566068516762,0.0,0.0,0.0,0.0,0.0,0.0,0.0,0.0,0.0,0.0,0.0,0.0,0.0,0.0,0.0,0.0,0.0,0.0,0.0,0.0,0.0,0.0,0.0,0.0,0.0,0.0,0.0,0.0,0.5388593513887704,0.0,0.0,0.359257872091264,0.5753807656912204,0.0,0.0,0.5025199013417105,0.22620261175004305,0.0,0.0,0.0,0.5451961377328922,0.0,0.0,0.0
-0.7968061848296393,0.0,0.0,0.0,0.0,0.0,0.0,0.0,0.0,-0.41009009596592294,0.0,0.0,0.0,0.0,0.0,0.0,-0.25821143533912255,0.0,0.0,0.0,0.0,0.0,0.0,0.0,0.0,0.0,0.0,0.0,-0.352222333989378,0.0,0.0,0.0,0.0,0.0,-0.12830622115705512,0.0,0.0,0.0,0.0,0.0,0.0,0.24194618501036258,0.0,0.0,0.0,0.0,0.0,0.0,0.0,-0.21871425021517216,0.0,0.0,0.0,0.0,0.31510408201085716,0.0,0.0,0.35346460659278467,0.0,0.0,0.0,0.0,-0.5395587397508922,0.0,0.0,0.0,0.0,0.0,0.0,0.0,0.0
0.0,0.0,0.0,0.0,0.0,0.0,0.19161473031361104,0.0,0.0,0.0,0.7128779020788625,0.0,0.0,0.0,0.0,0.0,0.0,0.0,-0.5701455496243685,0.0,0.0,0.0,0.0,0.0,0.30478000648454784,0.0,0.5441769039757776,0.0,-0.7402203616773236,0.0,0.0,0.0,0.1912223601552432,0.0,0.0,0.0,0.0,0.0,0.0,0.0,0.0,0.0,0.0,0.0,0.0,0.0,0.0,0.0,0.0,0.0,0.0,0.0,0.0,0.0,0.0,0.0,0.0,0.0,0.3449377552633078,0.26615656739711707,0.0,0.0,0.0,0.0,0.0,0.0,0.0,0.24951630263871874,0.0,0.0,0.0
0.0,0.0,0.0,0.0,0.0,-0.30979827799252607,0.0,0.0,0.0,0.0,0.0,0.0,0.0,0.0,0.0,0.0,0.0,0.0,0.0,0.0,0.0,-0.24570442101624007,0.0,0.0,0.0,-0.20651885617944643,-0.5485304619105331,0.0,0.0,0.0,0.0,-0.7302754917559815,-1.0522680532272581,0.0,0.0,0.0,-0.5834305756089792,0.0,0.0,0.0,0.0,0.0,-0.6408834452491761,0.0,0.0,-0.40085252037830793,0.0,0.0,0.0,0.0,0.0,0.0,0.0,0.0,0.0,0.0,0.0,0.0,0.0,0.0,-0.18440428748855794,0.0,0.0,0.0,0.0,0.0,0.0,0.0,0.0,0.0,0.0
-2.5996956277408985,0.0,0.0,-0.4933477438099024,0.0,0.0,0.0,0.0,0.0,0.0,0.0,0.0,0.0,0.0,0.0,0.0,0.0,0.0,-0.27542177194207873,0.0,0.0,0.0,0.0,-0.11199741789984835,0.0,0.0,0.5860043087856478,0.0,0.0,0.0,0.0,0.0,0.0,0.0,-0.12144302589482538,0.0,0.0,0.0,0.0,0.0,0.0,0.0,0.0,0.0,0.0,0.0,0.0,0.0,-0.07787033785901559,0.0,0.0,0.0,0.0,0.0,0.0,-0.09560970327887446,0.0,-0.2097883809793616,0.0,0.0,0.0,0.0,0.0,0.0,0.0,-0.09462980786363007,0.0,0.0,0.0,0.0,0.0
0.0,-0.47676490158568946,0.0,-0.5920342226878759,0.0,0.0,-0.2809026383948894,0.0,0.0,0.0,-0.7347261927128694,0.0,0.0,0.0,0.0,-0.30936899803082785,0.0,0.0,0.0,0.0,0.0,0.0,0.0,0.0,0.0,0.0,0.0,0.0,0.0,0.0,0.0,0.0,-0.3459501912555577,0.0,-0.30712246625585127,0.0,0.0,0.0,0.0,0.0,0.0,-0.5249499899635711,0.0,0.0,0.0,0.0,0.0,0.0,0.0,0.0,0.0,0.0,0.0,0.0,0.0,0.0,-0.25974531378321697,0.0,0.0,0.0,-0.3331215872206415,0.0,0.0,0.0,0.0,0.0,0.0,0.0,0.0,0.0,0.0
